-- phpMyAdmin SQL Dump
-- version 4.9.1
-- https://www.phpmyadmin.net/
--
-- Máy chủ: 127.0.0.1
-- Thời gian đã tạo: Th1 02, 2020 lúc 08:24 AM
-- Phiên bản máy phục vụ: 10.4.8-MariaDB
-- Phiên bản PHP: 7.3.11

SET SQL_MODE = "NO_AUTO_VALUE_ON_ZERO";
SET AUTOCOMMIT = 0;
START TRANSACTION;
SET time_zone = "+00:00";


/*!40101 SET @OLD_CHARACTER_SET_CLIENT=@@CHARACTER_SET_CLIENT */;
/*!40101 SET @OLD_CHARACTER_SET_RESULTS=@@CHARACTER_SET_RESULTS */;
/*!40101 SET @OLD_COLLATION_CONNECTION=@@COLLATION_CONNECTION */;
/*!40101 SET NAMES utf8mb4 */;

--
-- Cơ sở dữ liệu: `news`
--

-- --------------------------------------------------------

--
-- Cấu trúc bảng cho bảng `account`
--

DROP TABLE IF EXISTS `account`;
CREATE TABLE `account` (
  `user_ID` int(11) UNSIGNED NOT NULL,
  `user_Account_Name` varchar(50) COLLATE utf8_unicode_ci NOT NULL,
  `user_Password` varchar(255) COLLATE utf8_unicode_ci NOT NULL,
  `user_Name` varchar(50) COLLATE utf8_unicode_ci DEFAULT NULL,
  `user_Address` varchar(50) COLLATE utf8_unicode_ci DEFAULT NULL,
  `user_Email` varchar(50) COLLATE utf8_unicode_ci DEFAULT NULL,
  `user_Point` float DEFAULT NULL,
  `user_Decentralized` int(11) UNSIGNED NOT NULL,
  `user_Birthday` date DEFAULT NULL,
  `user_Comment` varchar(50) COLLATE utf8_unicode_ci DEFAULT NULL
) ENGINE=MyISAM DEFAULT CHARSET=utf8 COLLATE=utf8_unicode_ci;

 INSERT INTO `account` (`user_ID`,`user_Account_Name`,`user_Password`,`user_Decentralized`,`user_Name`,`user_Address`,`user_Email`,`user_Point`,`user_Birthday`,`user_Comment`) VALUES
 (1,'admin1','$2a$15$3IGF0z3i1pu1gsC/6iaDieP4J9moSYYhLobyZKi10zZjHDadpqmPi',4,'Duc Huy',null,'cvtconfession@gmail.com',null,null,null),
 (2,'admin2','$2a$15$3IGF0z3i1pu1gsC/6iaDieP4J9moSYYhLobyZKi10zZjHDadpqmPi',4,'Thanh Nguyen',null,'cvtconfession@gmail.com',null,null,null),
 (3,'admin3','$2a$15$3IGF0z3i1pu1gsC/6iaDieP4J9moSYYhLobyZKi10zZjHDadpqmPi',4,'Minh Tuan',null,'cvtconfession@gmail.com',null,null,null),
 (4,'seller1','$2a$15$3IGF0z3i1pu1gsC/6iaDieP4J9moSYYhLobyZKi10zZjHDadpqmPi',3,'Phuong Anh',null,'cvtconfession@gmail.com',null,null,null),
 (5,'bidder1','$2a$15$3IGF0z3i1pu1gsC/6iaDieP4J9moSYYhLobyZKi10zZjHDadpqmPi',2,'Nhu Ngoc',null,'cvtconfession@gmail.com',null,null,null),
 (6,'bidder2','$2a$15$3IGF0z3i1pu1gsC/6iaDieP4J9moSYYhLobyZKi10zZjHDadpqmPi',2,'Hai Yen',null,'cvtconfession@gmail.com',null,null,null),
 (7,'bidder3','$2a$15$3IGF0z3i1pu1gsC/6iaDieP4J9moSYYhLobyZKi10zZjHDadpqmPi',2,'Thai Nhu',null,'cvtconfession@gmail.com',null,null,null),
 (8,'bidder4','$2a$15$3IGF0z3i1pu1gsC/6iaDieP4J9moSYYhLobyZKi10zZjHDadpqmPi',2,'Ram bo',null,'cvtconfession@gmail.com',null,null,null),
 (9,'bidder5','$2a$15$3IGF0z3i1pu1gsC/6iaDieP4J9moSYYhLobyZKi10zZjHDadpqmPi',2,'Do Tay',null,null,null,null,null),
 (10,'bidder6','$2a$15$3IGF0z3i1pu1gsC/6iaDieP4J9moSYYhLobyZKi10zZjHDadpqmPi',2,'Anh Duc',null,null,null,null,null),
 (11,'bidder7','$2a$15$3IGF0z3i1pu1gsC/6iaDieP4J9moSYYhLobyZKi10zZjHDadpqmPi',2,'Bich Hanh',null,'cvtconfession@gmail.com',null,null,null),
 (12,'bidder8','$2a$15$3IGF0z3i1pu1gsC/6iaDieP4J9moSYYhLobyZKi10zZjHDadpqmPi',2,'Van Chau',null,'cvtconfession@gmail.com',null,null,null),
 (13,'seller2','$2a$15$3IGF0z3i1pu1gsC/6iaDieP4J9moSYYhLobyZKi10zZjHDadpqmPi',3,'Huu Tai',null,'cvtconfession@gmail.com',null,null,null),
 (14,'seller3','$2a$15$3IGF0z3i1pu1gsC/6iaDieP4J9moSYYhLobyZKi10zZjHDadpqmPi',3,'Minh quang',null,null,null,null,null),
 (15,'seller4','$2a$15$3IGF0z3i1pu1gsC/6iaDieP4J9moSYYhLobyZKi10zZjHDadpqmPi',3,'Minh Khoa',null,null,null,null,null);

-- --------------------------------------------------------
-- Cấu trúc bảng cho bảng `list_bidder`
DROP TABLE IF EXISTS `list_bidder`;
CREATE TABLE `list_bidder` ( 
  `use_proID` int(11) UNSIGNED NOT NULL,
  `use_userID` int(11) UNSIGNED NOT NULL,
  `price` int(11) UNSIGNED NOT NULL,
  `datetime` DATETIME NOT NULL,
  `flag` int(11) NOT NULL, -- cờ kiểm tra còn hạng 1, hết hạng -1
  `refuse` int(11) NOT NULL, -- cờ kiểm tra có bị từ chối ra giá : -1 bị từ chối
  PRIMARY KEY (`use_proID`,`use_userID`,`price`) USING BTREE,
  FOREIGN KEY (`use_proID`) REFERENCES products(`pro_ID`),
  FOREIGN KEY (`use_userID`) REFERENCES account(`user_ID`)
) ENGINE=MyISAM DEFAULT CHARSET=utf8 COLLATE=utf8_unicode_ci;

INSERT INTO `list_bidder` (`use_proID`,`use_userID`,`price`,`datetime`,`flag`,`refuse`) VALUES
(1,5,23090000,'2019-12-12 13:00:00',1,1),
(1,6,23190000,'2019-12-14 13:00:00',1,1),
(1,7,23290000,'2019-12-15 13:00:00',1,1),
(1,8,23390000,'2019-12-16 13:00:00',1,1),
(1,9,23490000,'2019-12-19 13:00:00',1,1),
(2,5,9090000,'2019-12-12 13:00:00',1,1),
(2,6,9190000,'2019-12-14 13:00:00',1,1),
(2,7,9290000,'2019-12-16 13:00:00',1,1),
(2,8,9390000,'2019-12-17 13:00:00',1,1),
(2,9,9490000,'2019-12-20 13:00:00',1,1),
(2,10,9590000,'2019-12-21 13:00:00',1,-1),
(2,11,9690000,'2019-12-24 13:00:00',1,1);



-- Cấu trức bảng danh sach yêu thích
DROP TABLE IF EXISTS `list_like`;
CREATE TABLE `list_like` ( 
  `use_proID` int(11) UNSIGNED NOT NULL,
  `use_userID` int(11) UNSIGNED NOT NULL,
  PRIMARY KEY (`use_proID`,`use_userID`) USING BTREE,
  FOREIGN KEY (`use_proID`) REFERENCES products(`pro_ID`),
  FOREIGN KEY (`use_userID`) REFERENCES account(`user_ID`)
) ENGINE=MyISAM DEFAULT CHARSET=utf8 COLLATE=utf8_unicode_ci;
--
-- Đang đổ dữ liệu cho bảng `account`
--

-- Cấu trức bảng xin upgrade
DROP TABLE IF EXISTS `upgrade`;
CREATE TABLE `upgrade` ( 
  `use_userID` int(11) UNSIGNED NOT NULL,
  `up` int(11) UNSIGNED NOT NULL, -- 0 chua up, 1 da up roi
  `new` int(11) UNSIGNED NOT NULL, -- thong bao moi 1, 0 da thong bao roi
  PRIMARY KEY (`use_userID`) USING BTREE,
  FOREIGN KEY (`use_userID`) REFERENCES account(`user_ID`)
) ENGINE=MyISAM DEFAULT CHARSET=utf8 COLLATE=utf8_unicode_ci;

INSERT INTO `upgrade` (`use_userID`,`up`, `new`) VALUES
(5, 0, 0),
(6, 0, 1);

-- Cấu trức bảng thông báo + nhận xét + dánh sách đã thắng
DROP TABLE IF EXISTS `notification`;
CREATE TABLE `notification` ( 
  `use_proID` int(11) UNSIGNED NOT NULL, 
  `use_bidderID` int(11) UNSIGNED NOT NULL,
  `use_sellerID` int(11) UNSIGNED NOT NULL,  
  `flag` int(11) UNSIGNED NOT NULL COMMENT 'cờ 1 là bidder > seller, 0 là seller > bidder',
  `like` int(11) UNSIGNED NULL, -- 1 like
  `dislike` int(11) UNSIGNED NULL, -- 1 dislike
  `comment` text COLLATE utf8_unicode_ci NULL,
  `win` int(11) UNSIGNED NOT NULL, -- 1 thang, 0 khong thanh toan 
  PRIMARY KEY (`use_proID`, `use_bidderID`,`use_sellerID`,`flag`) USING BTREE,
  FOREIGN KEY (`use_bidderID`) REFERENCES account(`user_ID`),
  FOREIGN KEY (`use_proID`) REFERENCES products(`pro_ID`),
  FOREIGN KEY (`use_sellerID`) REFERENCES account(`user_ID`)
) ENGINE=MyISAM DEFAULT CHARSET=utf8 COLLATE=utf8_unicode_ci;

INSERT INTO `notification` (`use_proID`, `use_bidderID`, `use_sellerID`, `flag`, `like`, `dislike`, `comment`, `win`) VALUES
(3,5,4,0,1,null,'Good!!',1),
(3,5,4,1,1,null,'Very good!!', 1),
(4,5,4,0,1,null,'I like product', 1),
(4,5,4,1,1,null,'You are good bidder!', 1),
(5,5,4,0,1,null,'Nice!',1),
(5,5,4,1,1,null,'Good seller!',1),
(6,5,4,0,1,null,'Pay soon!!',1),
(6,5,4,1,1,null,'yeahhhh',1),
(7,5,4,0,1,null,'i like all products',1),
(7,5,4,1,1,null,'HMMMMMMMMMM',1),
(8,6,4,0,1,null,null,1),
(8,6,4,1,1,null,null,1),
(9,6,4,0,1,null,null,1),
(9,6,4,1,1,null,null,1),
(10,6,4,0,1,null,null,1),
(10,6,4,1,1,null,null,1),
(11,6,4,0,null,1,null,1),
(11,6,4,1,null,1,null,1),
(12,6,4,0,1,null,null,1),
(12,6,4,1,1,null,null,1),
(13,6,4,0,1,null,null,1),
(13,6,4,1,1,null,null,1),
(14,6,4,0,1,null,null,1),
(14,6,4,1,1,null,null,1),
(15,6,4,0,1,null,null,1),
(15,6,4,1,1,null,null,1),
(16,6,4,0,1,null,null,1),
(16,6,4,1,1,null,null,1);
-- --------------------------------------------------------

--
-- Cấu trúc bảng cho bảng `categories`
--
DROP TABLE IF EXISTS `categories`;
CREATE TABLE `categories` (
  `CatID` int(11) UNSIGNED NOT NULL,
  `CatName` varchar(50) COLLATE utf8_unicode_ci NOT NULL
) ENGINE=MyISAM DEFAULT CHARSET=utf8 COLLATE=utf8_unicode_ci;

--
-- Đang đổ dữ liệu cho bảng `categories`
--

INSERT INTO `categories` (`CatID`, `CatName`) VALUES
(1, 'Điện tử'),
(2, 'Thời trang'),
(3, 'Xe'),
(4, 'Nội thất');

-- --------------------------------------------------------

--
-- Cấu trúc bảng cho bảng `list_bidder`
--
DROP TABLE IF EXISTS `list_bidder`;
CREATE TABLE `list_bidder` (
  `use_proID` int(11) UNSIGNED NOT NULL,
  `use_userID` int(11) UNSIGNED NOT NULL,
  `price` int(11) UNSIGNED NOT NULL,
  `datetime` datetime NOT NULL,
  `flag` int(11) NOT NULL,
  `refuse` int(11) NOT NULL
) ENGINE=MyISAM DEFAULT CHARSET=utf8 COLLATE=utf8_unicode_ci;

--
-- Đang đổ dữ liệu cho bảng `list_bidder`
--

INSERT INTO `list_bidder` (`use_proID`, `use_userID`, `price`, `datetime`, `flag`, `refuse`) VALUES
(1, 5, 23090000, '2019-12-12 13:00:00', 1, 1),
(1, 6, 23190000, '2019-12-14 13:00:00', 1, 1),
(1, 7, 23290000, '2019-12-15 13:00:00', 1, 1),
(1, 8, 23390000, '2019-12-16 13:00:00', 1, 1),
(1, 9, 23490000, '2019-12-19 13:00:00', 1, 1),
(2, 5, 9090000, '2019-12-12 13:00:00', 1, 1),
(2, 6, 9190000, '2019-12-14 13:00:00', 1, 1),
(2, 7, 9290000, '2019-12-16 13:00:00', 1, 1),
(2, 8, 9390000, '2019-12-17 13:00:00', 1, 1),
(2, 9, 9490000, '2019-12-20 13:00:00', 1, 1),
(2, 10, 9590000, '2019-12-21 13:00:00', 1, -1),
(2, 11, 9690000, '2019-12-24 13:00:00', 1, 1);

-- --------------------------------------------------------

--
-- Cấu trúc bảng cho bảng `list_like`
--
DROP TABLE IF EXISTS `list_like`;
CREATE TABLE `list_like` (
  `use_proID` int(11) UNSIGNED NOT NULL,
  `use_userID` int(11) UNSIGNED NOT NULL
) ENGINE=MyISAM DEFAULT CHARSET=utf8 COLLATE=utf8_unicode_ci;

--
-- Đang đổ dữ liệu cho bảng `list_like`
--

INSERT INTO `list_like` (`use_proID`, `use_userID`) VALUES
(1, 5),
(2, 5),
(3, 5);

-- --------------------------------------------------------

--
-- Cấu trúc bảng cho bảng `notification`
--
DROP TABLE IF EXISTS `notification`;
CREATE TABLE `notification` (
  `use_proID` int(11) UNSIGNED NOT NULL,
  `use_bidderID` int(11) UNSIGNED NOT NULL,
  `use_sellerID` int(11) UNSIGNED NOT NULL,
  `flag` int(11) UNSIGNED NOT NULL COMMENT 'cờ 1 là bidder > seller, 0 là seller > bidder',
  `like` int(11) UNSIGNED DEFAULT NULL,
  `dislike` int(11) UNSIGNED DEFAULT NULL,
  `comment` text COLLATE utf8_unicode_ci DEFAULT NULL,
  `win` int(11) UNSIGNED NOT NULL
) ENGINE=MyISAM DEFAULT CHARSET=utf8 COLLATE=utf8_unicode_ci;

--
-- Đang đổ dữ liệu cho bảng `notification`
--

INSERT INTO `notification` (`use_proID`, `use_bidderID`, `use_sellerID`, `flag`, `like`, `dislike`, `comment`, `win`) VALUES
(3, 5, 4, 0, 1, NULL, 'Good!!', 1),
(3, 5, 4, 1, 1, NULL, 'Very good!!', 1),
(4, 5, 4, 0, 1, NULL, 'I like product', 1),
(4, 5, 4, 1, 1, NULL, 'You are good bidder!', 1),
(5, 5, 4, 0, 1, NULL, 'Nice!', 1),
(5, 5, 4, 1, 1, NULL, 'Good seller!', 1),
(6, 5, 4, 0, 1, NULL, 'Pay soon!!', 1),
(6, 5, 4, 1, 1, NULL, 'yeahhhh', 1),
(7, 5, 4, 0, 1, NULL, 'i like all products', 1),
(7, 5, 4, 1, 1, NULL, 'HMMMMMMMMMM', 1),
(8, 6, 4, 0, 1, NULL, NULL, 1),
(8, 6, 4, 1, 1, NULL, NULL, 1),
(9, 6, 4, 0, 1, NULL, NULL, 1),
(9, 6, 4, 1, 1, NULL, NULL, 1),
(10, 6, 4, 0, 1, NULL, NULL, 1),
(10, 6, 4, 1, 1, NULL, NULL, 1),
(11, 6, 4, 0, 1, NULL, NULL, 1),
(11, 6, 4, 1, 1, NULL, NULL, 1),
(12, 6, 4, 0, 1, NULL, NULL, 1),
(12, 6, 4, 1, 1, NULL, NULL, 1),
(13, 6, 4, 0, 1, NULL, NULL, 1),
(13, 6, 4, 1, 1, NULL, NULL, 1),
(14, 6, 4, 0, 1, NULL, NULL, 1),
(14, 6, 4, 1, 1, NULL, NULL, 1),
(15, 6, 4, 0, 1, NULL, NULL, 1),
(15, 6, 4, 1, 1, NULL, NULL, 1);

-- --------------------------------------------------------

--
-- Cấu trúc bảng cho bảng `products`
--
DROP TABLE IF EXISTS `products`;
CREATE TABLE `products` (
  `pro_ID` int(11) UNSIGNED NOT NULL,
  `pro_Name` varchar(50) COLLATE utf8_unicode_ci NOT NULL,
  `CatID` int(11) NOT NULL,
  `sub_catID` int(11) NOT NULL,
  `price` int(11) NOT NULL COMMENT 'Giá hiện tại',
  `step` int(11) NOT NULL COMMENT 'Bước giá',
  `buy_now` int(11) DEFAULT NULL COMMENT 'Giá mua ngay',
  `rate` int(11) DEFAULT NULL COMMENT 'Điểm đánh giá',
  `post_date` text COLLATE utf8_unicode_ci NOT NULL COMMENT 'Thời điểm đăng',
  `exp` text COLLATE utf8_unicode_ci NOT NULL COMMENT 'Thời điểm kết thúc',
  `info` text COLLATE utf8_unicode_ci NOT NULL COMMENT 'Mô tả chi tiết',
  `use_sellerID` int(11) UNSIGNED NOT NULL,
  `accept` int(11) UNSIGNED NOT NULL,
  `notification` int(11) UNSIGNED NULL COMMENT '1 gửi r , null chưa',
  FOREIGN KEY (`use_sellerID`) REFERENCES account(`user_ID`)
) ENGINE=MyISAM DEFAULT CHARSET=utf8 COLLATE=utf8_unicode_ci;

--
-- Đang đổ dữ liệu cho bảng `products`
--

INSERT INTO `products` (`pro_ID`, `pro_Name`, `CatID`, `sub_catID`, `price`, `step`, `buy_now`, `rate`, `post_date`, `exp`, `info`, `use_sellerID`, `accept`, `notification`) VALUES
(1, 'Điện thoại Samsung Galaxy Note 10 Đỏ', 1, 1, 22990000, 100000, 22990000, 4, '2019-12-10 13:00:00', '2020-01-05 23:59:59', 'Đón giáng sinh 2019, Samsung tung ra phiên bản đặc biệt Galaxy Note 10 màu đỏ mới cực đẹp, cực quyến rũ cho chị em phái đẹp cũng như rất “độc” vì chỉ bán độc quyền chính hãng tại Thế Giới Di Động.\r\nThiết kế sang trọng, quyến rũ\r\nPhiên bản đặc biệt có số lượng cực kì giới hạn tại thị trường Việt Nam với tông màu đỏ bao phủ hoàn toàn mặt lưng, viền trên dưới, bút S Pen và cả giao diện máy như thêm vẻ quyến rũ cho một thiết kế đã rất sang trọng của Note 10.\');', 4, 1, null),
(2, 'Điện thoại OPPO Reno2 F', 1, 1, 8990000, 100000, 8990000, 3, '2019-12-10 13:00:00', '2020-01-01 23:59:59', 'OPPO Reno2 F là một trong 3 chiếc smartphone thuộc dòng OPPO Reno2 vừa được OPPO giới thiệu với thiết kế thời trang cùng nhiều nâng cấp mạnh mẽ về camera.\r\nCamera được đầu tư mạnh mẽ\r\nCụm camera trên OPPO Reno2 F đã được nâng cấp rõ rệt với camera chính độ phân giải 48 MP cùng ống kính thứ 2 vẫn là 8 MP chụp ảnh góc siêu rộng, một ống kính 2 MP dùng để chụp ảnh chân dung xóa phông và một ống kính 2 MP hỗ trợ chụp ảnh đen trắng.\r\nVới bộ 4 camera thì OPPO Reno2 F đáp ứng cho bạn hầu hết các nhu cầu trong sử dụng hằng ngày từ chụp ảnh xóa phông hay chụp phong cảnh trong những chuyến đi chơi xa.\r\nBên cạnh đó với công nghệ AI Camera đi kèm giúp Reno2 F có thể nhận diện được các vật thể khác nhau để có thể điều chỉnh màu sắc, độ tương phản và độ sáng sao cho phù hợp.\r\nCamera selfie trên những chiếc máy OPPO vẫn luôn được đánh giá cao và lần này cũng không phải ngoại lệ.\r\nVới độ phân giải 16 MP kèm tính năng làm đẹp bằng AI \"trứ danh\" thì chiếc smartphone OPPO này tự tin làm hài lòng cả những người dùng khó tính nhất.\r\nMàn hình tràn viền không khuyết điểm\r\nOPPO Reno2 F được trang bị màn hình AMOLED 6.5 inch có độ phân giải 2.340 x 1.080 pixels không bị khuyết bởi tai thỏ hay giọt nước.\r\nMàn hình lớn này sẽ mang đến một trải nghiệm tuyệt vời cho người dùng khi xem các bộ phim bom tấn Hollywood hay chơi các tựa game mobile.\r\n\r\nHiệu năng của máy được cung cấp bởi vi xử lý MediaTek Helio P70 8 nhân với xung nhịp cao nhất lên đến 2.1 Ghz giúp máy có thể chiến tốt các tựa game hot hiện nay như Liên Quân, PUBG một cách ổn định.\r\nĐể làm được điều này thì Reno2 F đã sử dụng camera pop-up nằm ngay chính giữa và có thể bật lên chỉ trong vòng 0.74 giây.\r\nTheo OPPO tuyên bố trước đó, camera selfie của máy có thể \"thò thụt\" đến 200.000 lần. Giả sử bạn bật nó lên 100 lần trong một ngày thì phải mất đến 5 năm sau camera này mới bị đơ.\r\nDung lượng pin thoải mái sử dụng cả ngày\r\nOPPO trang bị cho OPPO Reno2 F một viên pin có dung lượng cao 4.000 mAh trên điện thoại để đảm bảo bạn có đủ năng lượng vượt qua những ngày bận rộn nhất.\r\nTương tự như nhiều sản phẩm khác của hãng, OPPO Reno2 F cũng hỗ trợ công nghệ sạc nhanh VOOC giúp người dùng rút ngắn được đáng kể thời gian chờ sạc.\r\nBên cạnh đó, máy còn được tích hợp cảm biến vân tay thế hệ thứ 6 trong màn hình giống như OPPO Reno2.\r\nCảm biến này không chỉ cải thiện tốc độ mở khóa nhanh hơn, nhạy hơn, có độ chính xác cao hơn mà còn hiển thị hình ảnh dấu vân tay rõ ràng trong màn hình.', 4, 0, null),
(3, 'Điện thoại iPhone 11 128GB', 1, 1, 23990000, 200000, 23990000, 4, '2019-12-10 13:00:00', '2019-12-30 22:00:00', 'Được xem là phiên bản iPhone \"giá rẻ\" trong bộ 3 iPhone mới ra mắt nhưng iPhone 11 128GB vẫn sở hữu cho mình rất nhiều ưu điểm mà hiếm có một chiếc smartphone nào khác sở hữu.', 4, 1, null),
(4, 'Vertu Signature S Rose Gold', 1, 1, 238000000, 8000000, 238000000, 2, '2019-12-10 17:00:00', '2019-12-15 17:00:00', 'Vertu Signature là một trong những dòng sản phẩm được giới doanh nhân Việt Nam đặc biệt yêu thích. Bắt nguồn cảm hứng từ những tiêu chuẩn chính xác của đồng hồ Grand Complication, Signature là một tác phẩm của tay nghề thủ công khéo léo. Mang phong cách thời trang từ những chất liệu quý hiếm như platin, vàng, kim cương và được lắp ráp hoàn toàn thủ công, Signature chắc chắn là một thiết bị cầm tay đẹp nhất từ trước đến nay.\r\n\r\nMỗi thiết bị này bao gồm 388 thành phần cơ khí. Vertu Signature phức tạp đến nỗi gần như không thể chế tạo được. Những người thợ thủ công giàu kinh nghiệm đã mất đến 3 năm chỉ để học cách lắp ráp hoàn chỉnh một chiếc điện thoại và chỉ có vài người trên thế giới có thể làm được điều này. Chỉ riêng chiếc điện thoại Vertu Signature đã sở hữu 74 bằng sáng chế bảo vệ quyền sở hữu trí tuệ. Gần 100 cuộc kiểm nghiệm nghiêm ngặt bảo đảm từng thiết bị đều hoàn hảo trước khi ra khỏi nhà máy.\r\nBề mặt của điện thoại Signature có miếng ngọc bích lớn nhất từng được sử dụng trên thế giới. Bằng cách sử dụng những vi mạch mỏng nhất trên thế giới, bàn phím của Signature là bộ phận rời phức tạp nhất. Tám kỹ sư phải mất tổng cộng 4 năm làm việc để hoàn thiện bàn phím này. Tương tự như cách thức những nhà sản xuất xe hơi tầm cỡ thế giới “cân chỉnh” tiếng động khi mở cửa xe để có được âm thanh nghe dễ chịu nhất, bàn phím đã được cân chỉnh để mang lại cảm nhận hoàn hảo. Sau khi xem xét hàng trăm loại bàn phím khác nhau, các nhà thiết kế Vertu đã đưa ra một loại phím bấm độc đáo đáp ứng độ nhấn của ngón tay đến một mức độ nhất định một cách đều đặn.\r\nBàn phím được chiếu sáng từ bên cạnh với những thấu kính tí hon nằm phía dưới phím. Những thấu kính này được thiết kế kỹ lưỡng để tăng cường ánh sáng. ánh sáng này được truyền qua một lớp polymer có chất lượng quang học và một lớp mực màu bạc trong mờ. Từng phím trong số 18 phím trên bàn phím Signature đều được nâng đỡ bởi một vòng bi bằng ngọc ruby.\r\nVới những sáng tạo độc đáo cả về kiểu dáng, cấu tạo và chất liệu, Vertu Signature xứng đáng là người bạn đồng hành và là biểu tượng của giới doanh nhân thành đạt.', 4, 1, null),
(5, 'VERTU SIGNATURE TOUCH PURE WHITE ALLIGATOR', 1, 1, 493000000, 18000000, 493000000, 5, '2019-12-10 12:00:00', '2019-12-21 12:00:00', 'Khung sản phẩm được làm từ Titan 5 lớp cao cấp\r\n\r\nMặt sau được bọc da cá sấu màu trắng\r\n\r\nMặt trước của máy được bảo vệ bằng lớp kính sapphire thế hệ thứ 5\r\n\r\nMàn hình: 5.2 inch độ phân giải 1.080 x 1.920 pixel, kính sapphire\r\n\r\nCamera chính: 21MP, đèn flash LED kép\r\n\r\nCamera trước: 2.1MP\r\n\r\nVi xử lý Qualcomm Snapdragon 810,Ram 4GB\r\n\r\nBộ nhớ: 64GB\r\n\r\nLoa ngoài 13mm x 18mm, công nghệ âm thanh Dolby Digital Plus\r\n\r\nSạc không dây tương thích Qi\r\n\r\nHệ điều hành Android Lollipop 5.1 64-bit operating  \r\n\r\nPin 3160 mAh\r\n\r\nPhụ kiện: Thân máy, bao da cá sấu trắng, sạc, tai nghe, sách hướng dẫn, Cable USB,...\r\nBảo hành: 24 Tháng , Chính hãng Vertu', 4, 1, null),
(6, 'MacBook Pro 16 inch 2019 – (I9/32GB/1TB)', 1, 2, 79000000, 3700000, 79000000, 3, '2019-12-10 16:00:00', '2019-12-18 16:00:00', 'Được thiết kế tốt nhất dành cho các nhà làm phim, thiết kê, khoa học, những nhà làm nhạc chuyên dụng, phát triển ứng dụng… và cho tất cả những ai sống, làm việc và giải trí trên MacBook.\r\n\r\nVới màn hình Retina 16 inch siêu đẹp, bộ xử lý siêu tốc, card đồ hoạ tiên tiến, dung lượng pin và dung lượng SSD, RAM lớn chưa từng có trong làng MacBook Pro và bàn phím ma thuật. Vâng, không còn nghi ngời gì nữa, MacBook Pro 16 inch là chiếc MacBook mạnh mẽ nhất mà Apple từng tạo ra cho người dùng chuyên nghiệp đỉnh cao.', 4, 1, null),
(7, 'Asus Zenbook Duo UX581GV-H2029T (Blue-Screenpad-Pa', 1, 2, 74990000, 2000000, 74990000, 5, '2019-12-10 09:00:00', '2019-12-16 09:00:00', 'Asus Zenbook Duo UX581GV-H2029T (Blue-Screenpad-Palmrest)\r\nChipset: Intel core i7-9750H\r\nRAM: 32GB DDR4\r\nBộ nhớ: 1TB SSD Pcle\r\nVGA: NVIDIA GeForce RTX 2060 6GB\r\nScreen: 15.6\" UHDT 4K\r\nOS: Win 10 ', 4, 1, null),
(8, 'Dell XPS 15 7590 i9 9980HK/2x16GB/1Tb/GTX 1650 4Gb', 1, 2, 71990000, 1800000, 71990000, 4, '2019-12-10 10:00:00', '2019-12-15 10:00:00', 'Thông số kỹ thuật chi tiết\r\nThông tin dòng sản phẩm\r\nModel Series :	Không\r\nBộ xử lý\r\nHãng CPU :	Intel\r\nCông nghệ CPU :	Core i9\r\nLoại CPU :	8 - core\r\nTốc độ CPU :	2.40 GHz\r\nBộ nhớ đệm :	16 MB L3 Cache\r\nTốc độ tối đa :	5.00 GHz\r\nBo mạch\r\nChipset :	Integrated in the processor\r\nTốc độ Bus :	2666 MHz\r\nHỗ trợ RAM tối đa :	32 GB\r\nRAM\r\nDung lượng RAM :	32 GB\r\nLoại RAM :	DDR4\r\nTốc độ BUS RAM :	2666 MHz\r\nSố lượng khe RAM :	2\r\nĐĩa cứng\r\nLoại ổ đĩa :	SSD\r\nDung lượng ổ đĩa :	1TB\r\nKhe cắm ổ SSD :	Có\r\nĐồ họa\r\nChipset đồ họa :	NVIDIA GeForce GTX 1650\r\nBộ nhớ đồ họa :	4 GB\r\nKiểu thiết kế đồ họa :	Card rời và tích hợp\r\nMàn hình\r\nKích thước màn hình :	15.6 inchs\r\nĐộ phân giải (W x H) :	Đang cập nhật\r\nCông nghệ màn hình :	IPS LCD\r\nCảm ứng :	Có\r\nÂm thanh\r\nKênh âm thanh :	2.0\r\nThông tin thêm :	High Definition (HD) Audio\r\nĐĩa quang\r\nCó sẵn đĩa quang :	Không\r\nTính năng mở rộng & cổng giao tiếp\r\nCổng giao tiếp :	1 HDMI v2.0 port1 Thunderbolt™ 3 with Power Delivery and DisplayPort2 USB 3.1 Gen 1 port1 Universal audio jack\r\nTính năng mở rộng :	Finger Print\r\nGiao tiếp mạng\r\nLAN :	Không\r\nChuẩn Wi-Fi :	802.11 ac\r\nKết nối không dây khác :	Bluetooth 5.0\r\nCard Reader\r\nĐọc thẻ nhớ :	SD-card reader\r\nKhe đọc thẻ nhớ :	1\r\nWebcam\r\nĐộ phân giải :	0.9 MP\r\nThông tin thêm :	HD Webcam\r\nHệ điều hành, phầm mềm có sẵn\r\nHệ điều hành :	windows 10 home single language\r\nPhần mềm có sẵn :	Microsoft Office 365 Personal Annual, McAfee Live Safe\r\nPIN/Battery\r\nLoại pin :	6 Cells\r\nKiểu pin :	Lithium-Ion, Liền\r\nThông tin khác\r\nCảm biến vân tay :	Có\r\nĐèn bàn phím :	Có\r\nBàn phím số :	Không\r\nPhụ kiện kèm theo :	Adapter\r\nKích thước & trọng lượng\r\nKích Thước :	1.7x35.7x23.5 cm(HxWxD)\r\nTrọng lượng :	2 kg\r\nChất liệu :	Carbon\r\nBảo hành\r\nThời gian bảo hành :	12 Tháng\r\nThông tin hàng hóa\r\nXuất xứ :	Trung Quốc\r\nNăm sản xuất :	2019', 4, 1, null),
(9, 'HP Spectre x360 15 (Gem Cut) 15.6 inch Windows 10 ', 1, 2, 42900000, 1000000, 42900000, 5, '2019-12-10 15:00:00', '2019-12-18 15:00:00', 'HP Spectre x360 15 hội tụ đủ tất cả các đặc điểm nổi bật của một máy tính xách tay cao cấp, bao gồm thiết kế đẹp mắt, hiệu năng mạnh mẽ, màn hình điều khiển 4K đầy màu sắc, Bàn phím thoải mái và thời lượng pin cực dài.\r\nThiết kế thu hút mọi ánh nhìn\r\nĐược vát gọt từ một khối hợp kim nhôm màu đen duy nhất bằng lập trình máy tính độ chính xác cao và được tô điểm thêm những đường viền màu đồng tinh xảo nên HP Spectre x360 15  có một thiết kế trông rất thanh lịch, đẳng cấp với các đường nét gãy gọn, định hình thanh nhã và cấu trúc nhẹ nhàng.\r\n4 chế độ tiện lợi\r\nMáy tính xách tay để xử lý đa tác vụ: Tự tin đón nhận mọi thử thách, duyệt email hay xử lý các bảng tính với Bàn phím có đèn nền và bàn rê chuột bằng kính cực rộng.\r\nmáy tính bảng để viết: Sẵn sàng ghi chú, phác thảo và triển khai ý tưởng, cảm giác tự nhiên như trên giấy bút.\r\nXoay ngược để xem: Kéo mọi sự tập trung vào màn hình hiển thị—hoàn hảo để phát nội dung và video.\r\nGấp tam giác để sẻ chia: Hoàn hảo để thuyết trình và trình chiếu hình ảnh.\r\nMàn hình đỉnh cao\r\nMàn hình siêu mỏng: màn hình 15.6 inch cảm ứng 4K với viền màn hình gần như vô cực cùng 8,2 triệu điểm ảnh, cho phép hiển thị mọi nội dung với chất lượng đỉnh cao và độ sắc nét chân thực.\r\nMàn hình tích hợp công nghệ chống nhìn trộm HP Sure view: Nhấn F1 để kích hoạt chế độ riêng tư và màn hình máy tính của bạn sẽ tối lại đối với những người xung quanh ngoại trừ bạn.\r\nKính cường lực Corning Gorilla Glass NBT ™: Cứng hơn, bền hơn vì màn hình được ốp kính cường lực Corning® Gorilla® Glass NBT™ có thể đối phó với những va đập và cào xước hàng ngày.\r\nHiệu năng cực khủng\r\nSở hữu chip xử lý Intel Core i7-8705G thuộc dòng Kaby G (Đã có tùy chọn Core i7 thế hệ 10), dung lượng RAM 16GB và ổ cứng SSD 512GB M.2 NVMe PCIe đã đem đến cho HP Spectre x360 15 một hiệu năng cực ấn tượng với tốc độ xử lý nhanh và khả năng đa nhiệm tuyệt vời.\r\nTích hợp nhiều công nghệ tiên tiến\r\nHệ thống tản nhiệt được cải tiến: Một cảm biến hồng ngoại theo dõi liên tục nhiệt độ máy nhằm điều tiết luồng khí và giữ cho nhiệt độ máy ở mức dễ chịu.\r\nCông nghệ sạc nhanh: Sạc đầy 50% dung lượng pin từ trạng thái kiệt pin hoàn toàn chỉ trong vòng 30 phút.\r\nHP Sleep and Charge: Sạc điện thoại, máy tính bảng hay các thiết bị khác từ nguồn điện máy tính ngay cả khi máy đang ở trạng thái chờ hoặc ngủ đông.', 4, 1, null),
(10, 'MSI GS73 Stealth 17.3 inch', 1, 2, 39900000, 900000, 39900000, 2, '2019-12-10 08:00:00', '2019-12-15 07:59:59', 'MSI luôn tiên phong phát triển những cỗ máy gaming mạnh mẽ đáp ứng nhu cầu chơi game của game thủ. Là một huyền thoại gaming thực thụ, MSI luôn duy trì truyền thống của mình để mang lại những công nghệ độc quyền mới nhất đáp ứng mọi mong muốn của các game thủ.\r\nTRẢI NGHIỆM THỰC TẾ ẢO\r\nSự kết hợp hoàn hảo giữa laptop gaming MSI và card đồ họa NVIDIA thế hệ mới (GeForce® GTX 1080 / GTX 1070 / GTX 1060) sẽ mang lại cho bạn trải nghiệm VR ở một cấp độ mới. Được chứng nhận bởi NVIDIA và VIVE, MSI là Thương hiệu gaming laptop đầu tiên hỗ trợ VR. MSI cung cấp một nền tảng siêu di động và cực mượt mà cho VR game, giúp bạn đắm chìm vào thế giới giả lập và khám phá gaming theo một cách hoàn toàn mới.\r\nMÀN HÌNH 120HZ\r\nBên cạnh thời gian phản hồi 5ms, tấm nền màn hình tốc độ quét 120Hz cho ra 120 khung mỗi giây, đem đến chuyển động hình ảnh mịn màng giúp người chơi giành chiến thắng.\r\n\r\nĐỊNH NGHĨA LẠI MỎNG NHẸ\r\nCác kỹ sư của MSI tinh chỉnh mọi chi tiết một cách tinh tế để mang đến sự cân bằng giữa khả năng di động và hiệu năng. MSI GS73VR 7RF Stealth Pro là lựa chọn lý tưởng cho các game thủ cầu toàn. Bạn không thể tìm được chiếc Laptop chơi game nào khác cung cấp hiệu năng mạnh mẽnhư vậy chỉ trong thân hình 19.6mm. MSI GS73VR 7RF Stealth Pro được xây dựng với một bộ khung nhẹ nhưng cứng hơn 40% khung nhôm thông thường, và là chiếc laptop gaming 17 inch nhẹ nhất thế giới, chỉ 2,4 kg.\r\nMSI TRUE COLOR 2.0\r\nKhông có gì có thể hoàn hảo, nhưng càng gần với sự hoàn hảo thì càng tốt. Công nghệ MSI True Color hợp tác với tập đoàn Portrait Displays tạo ra một tầm cao mới cho công nghệ hiển thị. Mỗi tấm nền sẽ trả qua quá trình hiệu chỉnh và kiểm tra kỹ lưỡng trong nhà máy để đạt được độ chính xác tối đa các chi tiết, đảm bảo độ trung thực màu sắc gần 100% sRGB. Phiên bản 2.0 cung cấp tính tương thích và độ chính xác tốt hơn, cũng như các chức năng trực quan thân thiện người dùng\r\nCOOLER BOOST TRINITY – GẤP 3 LẦN QUẠT TRONG THIẾT KẾ SIÊU MỎNG\r\nNhiệt là nguyên tố sơ khai nhất trên Trái Đất. Bản chất vật lý là càng nhiều năng lượng sẽ sản sinh nhiều nhiệt. Làm mát là một nhiệm vụ khó khăn cần giải quyết. Cooler Boost Trinity gồm 3 chiếc quạt tăng cường - Whirlwind Blade. Lên đến 41 cánh quạt, tạo ra hơn 30% lượng khí với cùng số vòng quay mỗi phút. Giải pháp tản nhiệt độc lập trên cả CPU và GPU với tổng cộng 5 ống tản nhiệt đảm bảo nhiệt độ không tăng cao, do đó cả 2 thành phần có thể mang lại hiệu năng chơi game mạnh mẽ nhất.', 4, 1, null),
(11, 'LOUIS VUITTON NEO ALMA BB', 2, 3, 45080000, 3000000, 45080000, 5, '2019-12-10 13:00:00', '2019-12-20 13:00:00', 'Fashioned from supple Monogram Empreinte leather with rounded top handles as well as a removable shoulder strap, the compact Neo Alma BB handbag makes the transition from day to evening seamlessly. The lining in a contrasting color and classic Louis Vuitton details such as the padlock and keybell make it both timeless and up-to-the-minute.\r\nDetailed Features\r\n9.84 x 7.09 x 4.72 inches\r\n(Length x Height x Width)\r\nL 9.8 x H 7.1 x W 4.7 inches\r\nBlack\r\nMonogram Empreinte embossed supple grained cowhide leather and supple grained cowhide leather\r\nMicrofiber lining\r\nGrained cowhide-leather trim\r\nGold-color hardware\r\nRound top handles for hand carry\r\nRemovable shoulder strap (drop: 52 cm/20.5 inches)\r\nDouble zip opening\r\nInside pocket\r\nPadlock\r\nKeybell\r\n4 protective metal bottom studs', 4, 1, null),
(12, 'LOUIS VUITTON MONTAIGNE BB', 2, 3, 52900000, 8000000, 52900000, 4, '2019-12-11 16:00:00', '2019-12-21 16:00:00', 'The Montaigne BB bag in iconic Monogram canvas combines a smart, structured exterior with a spacious, well-organized interior, making it ideal for business. It can be carried in the hand, on the arm or across the body for a trendy look, thanks to its extra-long removable strap.\r\nDetailed Features\r\n11.4 x 7.9 x 5.1 inches\r\n(Length x Height x Width)\r\n11.5 x 8 x 5 inches\r\nRemovable cross-body strap\r\nNatural cowhide leather trim\r\nShiny golden brass hardware\r\nBurgundy microfiber lining\r\nOne central zippered compartment with a padlock, two wide compartments, one double BB pocket, one flat pocket\r\nProtective bottom studs\r\nMade in the USA, France or Spain', 4, 1, null),
(13, 'GUCCI Padlock GG Flora small bamboo shoulder bag', 2, 3, 58967650, 2000000, 58967650, 4, '2019-12-10 14:00:00', '2019-12-20 14:00:00', 'PRODUCT DETAILS\r\nStyle ‎603221 HV8GC 9782\r\nA special collection combines two of the House\'s most distinctive designs into an unexpected and contemporary fabric, animating classic silhouettes like the Padlock bamboo top handle shoulder bag. The historic Flora motif, first presented by Vittorio Accornero more than 50 years ago, is layered over the House monogram and trimmed with bright yellow leather for a modern take on the two archival patterns.\r\n\r\nBeige/ebony GG Supreme canvas with Flora print, a material with low environmental impact, with yellow leather trim\r\nShiny gold-toned hardware\r\nCreated using a special holographic printing technique, this item’s dedicated packaging features a striped tie dye effect and tropical inspired image of palm trees.\r\nKey with leather holder\r\nProtective metal feet\r\nBamboo top handle with 1.6\" drop\r\nDetachable shoulder strap with 21.7\" drop\r\nLock closure\r\nSmall size: 9.5\"W x 6.7\"H x 4\"D\r\nMicrofiber lining with a suede-like finish\r\nMade in Italy\r\nThe model is 5\'10\" tall', 4, 1, null),
(14, 'GUCCI Ophidia GG medium top handle tote', 2, 3, 48425300, 3400000, 48425300, 4, '2019-12-15 13:00:00', '2019-12-23 13:00:00', 'PRODUCT DETAILS\r\nStyle ‎547941 96IWT 8745\r\nThe structured tote has become a mainstay of Gucci\'s collections. Introduced to the world of Ophidia, the top handle bag is crafted in GG Supreme canvas trimmed with textured leather and an inlaid green and red Web. A contemporary take on a Gucci archival belt buckle from the \'70s, the Double G is repurposed and appears atop a tab detail.\r\n\r\nBeige/ebony GG Supreme canvas, a material with low environmental impact, with brown leather trim\r\nGreen and red Web\r\nAntique gold-toned hardware\r\nDouble G\r\nInterior zipper and open pockets\r\nDouble handles with 3\" drop\r\nMedium size: W14.5\" x 15\"H x 4\"D\r\nCotton linen lining\r\nMade in Italy\r\nThe model is 6\'1\" tall', 4, 1, null),
(15, 'D&G DESIGN LOGO SHOPPING BACK IN CALFSKIN WITH LAS', 2, 3, 60720000, 8000000, 60720000, 4, '2019-12-13 12:00:00', '2019-12-20 12:00:00', 'The elegant unisex Design Logo shopping bag is made of smooth calfskin and can be carried as handbag or a shoulder bag with the cross-body strap. The elegant model is features plexiglass handles with the DOLCE&GABBANA logo lasered onto the back side. Spacious and versatile, it offers an elegant look to the wearer without having to compromise on everyday practicality:\r\n• Plexiglass handles on top\r\n• Removable and adjustable cross-body strap in nylon webbing with calfskin attachments\r\n• Printed nylon lining with a zip-up pocket with logoed zipper\r\n• Item equipped with logoed dust bag\r\n• Measurement: 41 x 36 x 18.5 cm - 16.1 x 14.2 x 7.3 inches\r\n• Made in Italy', 4, 1, null),
(16, 'Xe Máy Honda SH 150i Phanh ABS 2019', 3, 4, 116000000, 11000000, 116000000, 5, '2019-12-10 13:00:00', '2019-12-30 13:00:00', 'Biểu tượng của sự đẳng cấp\r\nXe Máy Honda SH 150i Phanh ABS 2019 kiệt tác thiết kế đậm chất châu Âu được thổi một luồng gió mới với việc bổ sung phiên bản đen mờ cá tính. Thân xe với sắc đen mờ nam tính, logo 3D đỏ nổi bật cùng với sự thay đổi màu sắc của các chi tiết như tay dắt sau, bánh xe, phuộc trước,đem tới hình ảnh tổng thể mạnh mẽ, phóng khoáng và đẳng cấp. Phiên bản Honda SH 2019 có thể xem là sự cân bằng giữa thiết kế đặc trưng để bất kỳ ai nhìn cũng có thể nhận ra đó là SH và công nghệ hiện đại trên một chiếc xe đời mới.\r\n', 4, 1, null),
(17, 'Xe Máy Peugeot Django 125cc – Socola', 3, 4, 75000000, 10000000, 75000000, 3, '2019-12-10 15:30:00', '2019-12-25 23:30:00', 'Mô tả\r\nMang đậm chất phong cách Pháp\r\nXe Máy Peugeot Django 125cc – Socola được chế tạo từ những kinh nghiệm nổi bật của Peugeot, chiếc xe này có thể di chuyển vững vàng trên bánh xe 12 inch, Django lướt đi như một con tàu dẫn đầu, cá tính với thân xe bo tròn có 3 khe thu gió làm mát và thân xe thuôn dài khiến cho chúng ta liên tưởng đến những chiếc sedan của thời kỳ đó, với điểm nhấn nổi bật là sự kết hợp hai tông màu đặc biệt trên thân xe.\r\n\r\nVới Django, tất cả đều là phong cách, tính thanh lịch và đam mê đậm chất Pháp.\r\n\r\nGương chiếu hậu sang trọng và đẳng cấp khi được làm bằng kim loại sáng bóng chống gỉ. Mặt đồng hồ thiết kế kết hợp giữa điện tử hiện đại và đồng hồ kim Analog hiển thị tốc độ theo Km/h và M/ph. Đồng điện tử cho người dùng những thông tin như dung tích nhiên liệu còn lại trong bình, giờ, nhiệt độ ngoài trời, tổng số km đã đi và đo hành trình.\r\n\r\nTay lái bên trái có sự xuất hiện của nút còi, đèn xi-nhan và chuyển đổi đèn pha. Bên phải chỉ có 2 nút là khởi động động cơ và bật tắt đèn pha. Django 125 sở hữu mặt sàn đề chân phẳng có diện tích khá rộng, ngăn chứa đồ phía dưới yên có khả năng để vừa 2 mũ nửa đầu hoặc 1 mũ ¾ cùng một số vật dụng cá nhân nhỏ khác. Ngoài ra hộc chứa đồ còn được trải thảm tạo cảm giác sạch sẽ cũng như giảm độ nóng từ động cơ truyền lên.', 4, 1, null),
(18, 'Xe Máy Vespa Sprint I-Get ABS - Xám', 3, 4, 71010000, 7800000, 71010000, 4, '2019-12-10 09:53:20', '2019-12-30 23:59:59', 'Thiết kế quyến rũ\r\nVespa Sprint I-Get ABS sở hữu nét quyến rũ của dòng xe Vespa truyền thống - một biểu tượng phong cách toàn cầu, một biểu tượng của phong cách sống nước Ý - được kết tinh từ sự lịch lãm và niềm vui sống. Thiết kế độc đáo kế thừa những tặng tính của Vespa S và tiên phong tạo xu thế trong phân khúc xe scooter \"dáng nhỏ\". Đường nét mượt mà, kích thước nhỏ gọn, cùng sự tinh tế đến từng chi tiết giúp Vespa Sprint dễ dàng điều khiển, tăng tốc mạnh mẽ và mang một phong thái ấn tượng khi di chuyển trong đô thị. \r\nĐộng cơ mới Iget \r\nĐộng cơ mới Iget 4 kỳ 3V Euro 3 125 phân khối, hệ thống chống bó cứng phanh ABS giúp cải thiện đáng kể lượng tiêu hao nhiên liệu và dung lượng khí thải đồng thời nâng cao độ an toàn của xe.\r\nĐộng cơ Piaggio i-Get được trang bị trên Vespa Sprint sử dụng xy lanh đơn 125 phân khối làm mát bằng không khí tích hợp với hệ thống phun xăng điện tử và hệ thống phối khí 3 van.\r\nCông nghệ hiện đại\r\nTừng chi tiết từ ống xả đến linh kiện bên trong của ốp hộp số đều được thiết kế để làm việc di chuyển mượt mà, êm ái và thoải mái hơn. Mức tiêu thụ nhiên liệu được giảm tới mức tối thiểu: 45.5 km/l cho phiên bản 125 cc và 41 km/l cho phiên bản 150cc theo tiêu chuẩn thử nghiệm WMTC. Hệ thống ống xả toàn toàn mới giúp động cơ êm ái hơn đồng thời giảm thiểu tối đa tiếng ồn. Đồng thời, hệ thống chống bó cứng phanh ABS giúp đảm bảo vận hành tốt nhất và nâng cao độ an toàn', 4, 1, null),
(19, 'Xe Máy Yamaha MT-15 - Đen - Hàng Nhập Khẩu', 3, 4, 74000000, 1200000, 74000000, 3, '2019-12-5 20:00:00', '2019-12-25 20:00:00', 'Dòng xe côn tay 6 cấp mạnh mẽ\r\nXe Máy Yamaha MT-15 được trang bị đèn pha LED, đồng hồ tốc độ LCD toàn phần, bình xăng dung tích 10.4 lít. Xe dài 1965mm, rộng 800mm, cao 1065mm. Chiều cao yên 810mm. Trọng lượng xe ở mức 133kg. Mẫu xe côn tay nhập khẩu có phuộc trước hành trình ngược, giảm xóc đơn phía sau. Hai bánh chung vành 17 inches, phanh đĩa đơn.\r\nKhung Deltabox quen thuộc\r\nXe vẫn sử dụng nền tảng khung Deltabox quen thuộc, MT-15 2019 được nâng cấp động cơ lên loại động cơ 4 thì phun xăng điện tử, xi-lanh đơn, dung tích 155 phân khối, làm mát bằng dung dịch, công suất 19 mã lực tại vòng tua 8900 vòng/phút, mô-men xoắn cực đại 14.7Nm tại 7000 vòng/phút. Sức mạnh được truyền tới bánh sau thông qua hộp số côn tay 6 cấp tích hợp bộ nồi chống trượt Slipper Clutch.\r\n\r\nThiết kế thể thao ấn tượng\r\nMT-15 thừa hưởng một số nền tảng từ TFX 150 với ngôn ngữ thiết kế tiệm cận với các \"đàn anh\" MT lớn hơn. Trong đó, thiết kế ấn tượng hơn cả là phần đầu xe với đèn định vị và mặt nạ mang cảm hứng \'\'hai mắt\'\' như MT-10 và MT-09. Hệ thống đèn chiếu sáng dạng thấu kính lồi projector được bố trí ngay dưới đèn định vị và đặt trong ốp nhựa hình đôi cánh ở phía dưới.\r\nBảng đồng hồ với màn hình LCD đơn sắc\r\nĐặc biệt, Yamaha MT-15 được trang bị bảng đồng hồ với màn hình LCD đơn sắc được chia sẻ từ R15 V3 nhưng đổi màu nền. Bảng đồng hồ mới hiển thị tốc độ, số đang gài, tình trạng xăng và báo tua máy. Do thiết kế phần đầu được thay đổi nên phần ốp bình xăng hai bên cũng được tạo dáng lại, hầm hố và thể thao hơn, theo phong cách của MT-10 hay MT-09.\r\nYên xe liền êm ái\r\nBên cạnh đầu xe, phần thân xe của MT-15 cũng được Yamaha chú ý. Không chỉ hạ thấp đuôi xe, Yamaha còn trang bị cho MT-15 yên xe liền êm ái hơn loại yên rời góc cạnh trên TFX 150 cũ. Nhờ vậy, người ngồi sau sẽ được thoải mái hơn trên những chặng đường dài.\r\nNgoài ra, các chi tiết như giảm xóc trước Upside Down màu vàng, hệ thống phanh, bánh xe, xi-nhan trước/sau và đèn hậu đều được giữ nguyên từ TFX 150.', 4, 1, null),
(20, 'Xe Máy Suzuki - GSX R150 Phiên Bản Yoshimura - Đen', 3, 4, 90500000, 4500000, 90500000, 3, '2019-12-03 17:00:00', '2019-12-23 17:00:00', 'Mẫu xe thể thao đường phố mới lạ và hấp dẫn\r\nXe Máy Suzuki - GSX R150 Phiên Bản Yoshimura đích thực là một tuyệt tác nghệ thuật, với phong cách mạnh mẽ và hấp dẫn. Kiểu dáng đẹp, thân xe mạnh mẽ không chỉ mang lại cảm giác trải nghiệm tuyệt vời về tổng thể mà nó còn làm cho xe nhẹ nhàng hơn so với các dòng xe cùng phân khúc và giúp người điều khiển dễ dàng và linh hoạt hơn trong điều kiện đường xá giao thông chật chội.\r\n', 4, 1, null),
(21, 'SOFA NHUNG BĂNG 4', 4, 5, 16800000, 800000, 16800000, 3, '2019-12-06 10:00:00', '2019-12-11 12:00:00', 'Sản phẩm sở hữu kiểu dáng hiện đại và tiện ích với mặt ghế rộng rãi nên bạn có thể ngồi duỗi chân hay nằm đều được. Chân sofa chống trượt và chịu được trọng lượng lớn, đảm bảo an toàn khi ngồi. Khả năng cân bằng và ổn định tốt giúp ghế đứng vững trên các mặt phẳng, không bị chông chênh, rung lắc. Sofa có lưng tựa dày để bạn thoải mái nghỉ ngơi sau những giờ làm việc căng thẳng hoặc khi đọc sách, xem tivi thư giãn. Gầm sofa có khoảng cách vừa đủ để bạn dễ dàng vệ sinh sàn nhà trong quá trình sử dụng.\r\n\r\nChiều cao: 762090\r\nChiều dài: 770\r\nChiều rộng: 220', 4, 1, null),
(22, 'BÀN ĂN, GỖ, 300X105X75', 4, 5, 41800000, 700000, 41800000, 3, '2019-12-01 19:00:00', '2019-12-31 19:00:00', 'Một không gian bếp thoải mái cộng với một bộ bàn ăn vừa bắt mắt và dễ chịu khiến cho chúng ta cảm giác dùng bữa ngon miệng hơn, mọi người cũng gắn bó với nhau nhiều hơn sau những giờ lao động và học tập mệt mỏi. Phố Xinh có rất nhiều các mẫu mã bàn ăn theo nhiều chất liệu và phong cách phục vụ nhu cầu của người tiêu dùng Việt.', 4, 1, null),
(23, 'TỦ GỖ SỒI TRẮNG 6 HỘC', 4, 5, 22800000, 300000, 22800000, 5, '2019-12-08 06:00:00', '2019-12-18 06:00:00', 'Một chiếc tủ trong phòng ngủ là điều không thể thiếu.\r\n\r\nChiều cao: 830\r\nChiều dài: 1350\r\nChiều rộng: 480', 4, 1, null),
(24, 'KỆ TV, GỖ, CERAMIC', 4, 5, 22800000, 400000, 22800000, 3, '2019-12-10 14:30:00', '2019-12-16 14:30:00', 'Kệ tivi có lẽ là một trong những món đồ nội thất vô cùng quen thuộc đối với mỗi không gian nhà Việt', 4, 1, null),
(25, 'TỦ TRANG TRÍ GỖ EBONY VENEER', 4, 5, 29800000, 700000, 29800000, 4, '2019-12-11 08:00:00', '2019-12-17 08:00:00', 'Một chiếc tủ trong phòng ngủ là điều không thể thiếu.', 4, 1, null),
(26, 'ĐIỆN THOẠI MOBIADO PRO 3GCB FIRE DRAGON', 1, 1, 125000000, 1230000, 200000000, NULL, '2020-01-01 19:00:00', '2020-01-09 19:00:00', 'Ra đời từ thủa bình minh sơ khai, Rồng là sản phẩm được tạo ra bởi trí tưởng tượng phong phú của loài người trong quá trình nhận thức và khám phá thế giới. Hình ảnh Rồng là biểu tượng của sự mạnh mẽ, chất hùng tráng cùng uy lực bất bại của linh vật này trong tự nhiên.\r\nSinh ra trong cái nôi của nền văn hóa phương Tây song sự nhạy cảm với những yếu tố văn hóa Á Châu, đặc biệt là những yếu tố tâm linh về loài Rồng thiêng bất tử chính là chất xúc tác khơi nguồn cho thiết kế mới nhất của chủ tịch kiêm nhà thiết kế chính của hãng Mobiado - Peter Bonac.\r\nLấy nguyên mẫu từ hình tượng Rồng phương Đông – “Rồng quần hỏa châu” do bản nguyên tích cực và là cội nguồn sức mạnh của sự sống, Mobiado giới thiệu mẫu thiết bị di động cao cấp FIRE DRAGON, phiên bản đặc biệt giới hạn 200 chiếc. Với uy danh là linh vật thiêng bậc nhất trong Tứ Tượng “Huyền Vũ- Thanh Long- Bạch Hổ- Chu Tước”, hình tượng Rồng thuộc hành Mộc ở phương Đông tương ứng với mùa xuân, song hành với những ước nguyện từ xưa của người cổ: cầu mưa, cầu phồn thực và mùa màng bội thu. Sau này khi hệ ý thức xã hội phát triển, Rồng dần trở thành sứ giả truyền tải các thông điệp tâm lý – xã hội như điềm lành, sự may mắn, thịnh vượng hay sự thông thái.\r\n\r\nQuay lại với lựa chọn tạo hình của siêu phẩm cơ khí Professional 3 GCB Fire Dragon, hình ảnh Rồng uy nghiêm, dũng mãnh được khắc họa trong thế tiến thẳng về phía viên ngọc rực lửa tượng trưng cho năng lượng tinh thần, trí tuệ, sự thịnh vượng và sự bất tử. Hình ảnh tưởng tĩnh mà lại động ấy tạo ra một thứ cảm xúc mãnh liệt, thúc đẩy vượng khí, tài lộc và mở rộng đường công danh.\r\nXưng danh “Rồng quần hỏa châu”, Professional 3 GCB Fire Dragon cùng sứ mệnh nhắc nhớ nhiều hơn về cội nguồn dân tộc và ngợi ca những người con Đông phương với lẽ cương nhu tiến thoái, biết vượt lên nhân đạo để huyền đồng với thiên đạo do đó không đơn thuần là một sản phẩm cao cấp mà còn là biểu trưng cho văn hóa, cho một phần di sản của nhân loại.', 4, 1, NULL),
(27, 'ĐIỆN THOẠI APPLE IPHONE 11 PRO 512GB (CHÍNH HÃNG A', 1, 1, 39490000, 4000000, 50000000, NULL, '2020-01-01 13:00:00', '2020-01-10 13:00:00', 'Apple ra mắt iPhone Pro đầu tiên trong lịch sử của hãng, thay thế iPhone Xs hồi năm ngoái, bên cạnh việc 11 thường là bản nâng cấp của XR. Nghe thì hoành tráng lắm, nhưng nhiều người lại cho rằng chứ \"Pro\" không xứng với những gì nó làm được ít nhất là so sánh Macbook Pro hay iPad Pro với các sản phẩm cấp thấp hơn. Liệu bạn có nhận định đúng.\r\nMặc dù nhìn thoáng qua thì iPhone 11 Pro trông không khác gì hai thiết bị còn lại, tuy nhiên, cũng giống Xs, chiếc iPhone 11 Pro là phiên bản có thân hình nhỏ nhất và sở hữu đến 3 camera sau. Theo ý kiến mình, nếu bạn muốn sở hữu một chiếc iPhone với gần như đầy đủ tính năng mới của iOS, chiếc iPhone 11 Pro sẽ là lựa chọn hoàn hảo, trừ khi bạn thích màn hình to và pin phải thật lâu.\r\nCòn về mặt trước, nó hoàn toàn giống với iPhone Xs, không khác biệt quá nhiều về phần nhìn, dù đọc các thông số thì sẽ có chút thay đổi, việc mang đến một thiết kế hoàn toàn mới sẽ đồng nghĩa với việc bạn phải chi một khoảng tiền không hề nhỏ để sở hữu chiếc máy.\r\nMàn hình của iPhone 11 Pro có kích thước là 5.8 inch cùng độ phân giải là 2.436 x 1.125 pixels. Kết hợp cùng tấm nền Super Retina XDR mang đến trải nghiệm tuyệt vời nhất có thể đến với người dùng iOS.\r\nHiệu năng thì chắc khỏi phải bàn gì nhiều khi mà iPhone 11 Pro được trang bị con chip mạnh nhất ở thời điểm hiện tại - Apple A13. Cùng với đó, CPU của dòng iPhone 11 còn được đánh giá là nhanh nhất ở thời điểm hiện tại, vượt mặt cả Kirin 980 hay Snapdragon 855 của Qualcomm. Nhờ đó mà trong một số lĩnh vực như chơi game, iPhone 11 Pro là một trong những sự lựa chọn vô cùng hoàn hảo', 4, 1, NULL),
(28, 'ĐIỆN THOẠI BLACKBERRY KEY2', 1, 1, 15990000, 850000, NULL, NULL, '2020-01-01 18:00:00', '2020-01-15 18:00:00', 'BlackBerry Key2 nhận được sự nâng cấp rất đáng giá từ hãng. Smartphone này mang trên mình một bộ bàn phím cho cảm giác bấm tốt hơn, nhạy hơn và độ phản hồi tích cực hơn. Có thể nói, Key2 là bản nâng cấp, sửa chữa những thiếu sót của KeyOne một cách hoàn hảo nhất...\r\n\r\nBlackBerry Key2 có kiểu dáng thiết kế dạng thanh, mỏng, gọn và nhẹ của Key2 cũng mang đến một cảm giác khác lạ hơn khi cầm trên tay. Nó khác nhiều so với những smartphone màn hình cảm ứng, \"tai thỏ\" đang tràn ngập khắp nơi trên thị trường. Key2 đẹp hơn, mạnh hơn, chuẩn mực hơn và bù lấp đi hầu hết mọi chi tiết chưa hoàn hảo trên KeyOne. Mặt trước của BlackBerry Key2 nổi bật với màn hình 4.5 inch tỷ lệ 3:2 độ phân giải 1620x1080 pixel và 4 hàng phím QWERTY đặc trưng của BlackBerry.\r\n\r\nKey2 chạy SnapDragon 660 với 8 nhân, RAM 6GB, ROM 64GB, hỗ trợ thẻ nhớ ở rộng thêm 256GB, dù có thiết kế mới nhưng Key2 lại nhẹ hơn 12 gram và mỏng hơn một chút so với thế hệ tiền nhiệm. Lần nâng cấp này, BlackBerry cũng theo kịp xu hướng camera kép với độ phân giải của cả 2 là 12MP, khẩu độ mở F/1.8 và F/2.6 cho khả năng thu sáng tốt hơn, bên cạnh đó, chế độ xóa phông cũng mang đến trải nghiệm chụp ảnh thú vị hơn đến người dùng.', 4, 1, NULL),
(29, 'ĐIỆN THOẠI SAMSUNG GALAXY FOLD F900', 1, 1, 50000000, 3700000, NULL, NULL, '2019-12-30 20:00:00', '2020-01-08 20:00:00', 'Galaxy Fold hội tụ mọi tinh hoa công nghệ với màn hình gập mở đầu tiên của Samsung, cấu hình cực mạnh, cao \"bao các loại tiêu cự\", và một lần nữa là bước chân đầu tiên cho kỷ nguyên điện thoại thông minh gập của thế giới.\r\nSamsung Galaxy Fold không đơn thuần là một chiếc smartphone thông thường. Đây là thiết bị đại diện cho sự khai phá công nghệ của thời đại, hệt như chiếc Galaxy Note thế hệ đầu tiên mà Samsung tung ra khiến cả thế giới phải thay đổi cách nghĩ về smartphone màn hình lớn.\r\nDù bạn có cầm nắm thiết bị như thế nào, Galaxy Fold vẫn sẽ cách tân hoàn toàn trải nghiệm di động của người dùng trong một thập kỷ vừa qua.\r\nGalaxy Fold là một trong những chiếc điện thoại màn hình dẻo đầu tiên trên thế giới. Khi ở trạng thái mở, màn hình của máy có kích thước 7.3 inch. Tấm nền Dynamic AMOLED vốn đã là một trong những tấm nền hiển thị tốt nhất hiện nay tiếp tục phát huy những sở trường về màu sắc sặc sỡ, màu đen cực sâu...\r\n\r\nMặt sau của chiếc Samsung Galaxy Fold với thiết kế được chia thành 2 nửa rõ rệt. Một bên sẽ có màn hình phụ, bạn có thể thao tác với màn hình này để điều khiển các tác vụ như gọi điện, chụp ảnh, đọc tin nhắn hay truy vập các ứng dụng. Khi cần dùng màn hình lớn thì chỉ cần mở máy là tiếp tục những gì mình đang làm.\r\n\r\nMàn hình ngoài có kích thước 4.6 inch, gần bằng kích thước của một chiếc iPhone 8. Phần bản lề của Fold qua trải nghiệm thì khá chắc chắn, khi gập hoặc mở thì đều muợt, không xảy ra hiện tượng kẹt hay không trơn tru.\r\n\r\nCấu hình cực mạnh\r\nVề mặt cấu hình, bộ vi xử lý Snapdragon 855 dành cho Galaxy Fold được phát triển trên nền tảng 7nm, với 12GB RAM và 512GB bộ nhớ trong. Máy cũng có khả năng truy xuất dữ liệu siêu nhanh với bộ nhớ Universal Flash Storage 3.0. Dung lượng pin mà mẫu điện thoại này có được sẽ là 4.380 mAh.\r\n\r\nGalaxy Fold được trang bị 3 camera sau với ống kính thường (12Mpx), ống kính tele (12Mpx) và ống kính siêu rộng (16Mpx). Camera selfie của máy là camera ống kính kép với độ phân giải 10Mpx và 8Mpx. Giao diện camera của máy cũng rất giống Galaxy S10 với 3 camera góc rộng, góc siêu rộng và tele. Bên ngoài, camera trước 10MP có góc rộng nên bạn cũng dễ dàng dùng điện thoại selfie với bạn bè.', 4, 1, NULL),
(30, 'Samsung Galaxy Note 10+ (Plus)', 1, 1, 24590000, 2000000, NULL, NULL, '2019-12-30 12:00:00', '2020-01-13 12:00:00', 'Samsung Galaxy Note 10 Plus – Màn hình lớn cho trải nghiệm tuyệt đỉnh, S-Pen tiện dụng\r\nLà phiên bản nâng cấp đáng giá ra đời cùng thời điểm với Samsung Galaxy Note 10, Samsung Galaxy Note 10 Plus là sự lựa chọn tuyệt vời cho người dùng đam mê công nghệ có nhu cầu sở hữu một chiếc điện thoại hoàn hảo về mọi mặt. Với Note 10 Plus, Samsung đã thật sự mang đến một chiếc điện thoại có sức mạnh vượt trội, đáp ứng toàn diện các nhu cầu về làm việc và giải trí của người dùng. Ngoài ra, bạn có thể tham khảo phiên bản rút gọn Note 10 Lite với giá bán phải chăng hơn.\r\n\r\nSamsung Note 10 Plus có thiết kế vuông vắn, chất liệu kim loại kết hợp thủy tinh cao cấp\r\nGalaxy Note 10 Plus tạo nên ấn tượng đặc biệt từ ban đầu bởi vẻ ngoài đẳng cấp. Kế thừa trọn vẹn tinh hoa thiết kế của dòng sản phẩm Galaxy Note nhà Samsung, Note 10 Plus có ngoại hình vuông vứt đầy mạnh mẽ và tinh tế. Viền màn hình cực kỳ mỏng cùng với độ dày mảnh mai không kém, giúp Note 10 Plus dùng có kích thước lớn nhưng vẫn giữ được sự thanh thoát, sang trọng.\r\nChất liệu được Samsung lựa chọn để làm nên Note 10 Plus tạo ra sự tin tưởng về độ an toàn lẫn thẩm mỹ ngay từ lần chạm đầu tiên. Phiên bản nâng cấp của Samsung Galaxy Note 10 sở hữu khung máy hoàn toàn từ kim loại, mặt lưng có sự kết hợp với thủy tinh cao cấp với khả năng chuyển màu ấn tượng tạo nên các phiên bản màu sắc vô cùng bắt mắt và sang trọng.\r\nMàn hình AMOLED Infinity-O 6.8 inch siêu ấn tượng\r\nSamsung Galaxy Note 10 Plus sở hữu màn hình được xem là lớn nhất thị trường hiện tại với thông số chính thức được công bố lên đến 6.8 inch. Màn hình này sử dụng công nghệ AMOLED Infinity-O với độ phân giải 3.040 x 1.440 pixels cho phép điện thoại hiển thị những khung màu cực kỳ ấn tượng, chân thực và sắc nét với góc nhìn gần như toàn vẹn nhất.Hướng đến một chiếc điện thân thiết với người dùng, Samsung Galaxy Note 10 Plus sử dụng công nghệ màn hình Dynamic AMOLED tiên tiến cho ra màn hình ít ánh sáng xanh hơn nhằm giúp mắt thoải mái. Cùng với đó, màn hình hỗ trợ cả nội dung HDR10+ vì thế các chương trình phim ảnh, game và các nội dung khác được hiển thị rất đẹp.\r\n\r\nGalaxy Note 10 Plus có hiệu năng vượt trội cùng vi xử lý Exynos 9825\r\nSamsung Note 10 Plus có hiệu năng vô cùng mạnh mẽ, xứng tầm chiếc flagship cao cấp nhất năm 2019 của Samsung. Cụ thể, Note 10 Plus được trang bị vi xử lý Exynos 9825 8 nhân 64-bit kết hợp với 12 GB RAM và 256 GB bộ nhớ trong.', 4, 1, NULL),
(31, 'ASUS ROG Phone 2 512GB', 1, 1, 20490000, 750000, 30000000, NULL, '2020-01-02 14:00:00', '2020-01-12 14:00:00', 'Asus Rog Phone 2 – hiệu năng mạnh mẽ cùng màn hình tần số quét 120Hz\r\nVào tháng 7/2019, Asus đã cho ra mắt chiếc smartphone Rog Phone 2, tiếp bước người đàn anh là chiếc Asus Rog Phone thế hệ đầu tiên. Asus Rog Phone 2 sẽ được trang bị với một cấu hình khủng, hiệu năng thuộc dạng đầu bảng cùng màn hình có tần số quét 120Hz hứa hẹn sẽ mang lại sự ấn tượng như ở thế hệ tiền nhiệm.\r\n\r\nCân đủ các tựa game với con chip Snapdragon 855 Plus cho hiệu năng mạnh mẽ\r\nVề cấu hình thì Rog 2 sẽ được tích hợp con chip mới nhất của nhà Qualcomm là Sanpdragon 855 Plus có thể ép xung lên tới hơn 3GHz, hứa hẹn sẽ cho một hiệu năng mạnh mẽ không thua kém gì các flagship đầu bảng.\r\nBên cạnh đó số lượng RAM khủng cũng là một điểm đáng chú ý khi Rog 2 được trang bị đến 12GB, điều này sẽ khiến các thao tác xử lý game được mượt mà, trơn tru hơn. Người dùng cũng sẽ thoải mái lưu trữ hơn với bộ nhớ trong 512GB.\r\n\r\nChơi game đã mắt hơn với màn hình tần số quét 120Hz cùng sự hỗ trợ tối ưu game từ Tencent\r\nRog Phone 2 đã được Asus trang bị màn hình có tần số quét lên tới 120Hz, tức là những hiệu ứng chuyển cảnh trong game sẽ mượt mà hơn, tốc độ làm tươi được tăng lên, game thủ từ đó sẽ xử lý được những pha tình huống trong game dễ dàng hơn. Và chính điều này cũng giúp cho chiếc ROG Phone 2 trở thành thiết bị thứ 3 trên thế giới sử dụng màn hình 120Hz bên cạnh bộ đôi Razer Phone và Razer Phone 2.\r\nNhững thông số khác về màn hình của Asus Rog Phone 2 như máy sử dụng màn hình 6.59 inch được trang bị tấm nền AMOLED cùng với độ phân giải FullHD+ cho độ tương phản cao, màu sắc tươi, bắt mắt giúp cho trải nghiệm hiển thị của người dùng, đặc biệt là các game thủ được cải thiện hơn, gây hứng thú hơn khi chơi game. Ngoài ra, Rog 2 còn được Asus trang bị kính cường lực Gorilla Glass 6.\r\n\r\nHệ thống tản nhiệt GamceCool II và buồng hơi 3D dành riêng cho Gaming Phone\r\nHệ thống làm mát GameCool II thế hệ thứ hai trong ROG Phone II trang bị công nghệ buồng hơi 3D với thiết kế mới, cho hiệu quả tốt hơn trong việc loại bỏ nhiệt từ điện thoại khi hoạt động ở mức tối đa. Ngoài ra, phụ kiện AeroActive Cooler II mới nay đã kết hợp được với ốp lưng Aero Case, với các cánh quạt được thiết kế lại để mang đến luồng khí nhiều hơn vào ROG Aerodynamic System. AeroActive Cooler II hoạt động yên tĩnh hơn và làm mát ROG Phone II hiệu quả hơn ở mức tải cao, mang đến hiệu suất tốt hơn cho các tác vụ đòi hỏi tốc độ tối đa, ROG Phone II sẽ không khiến khiến bạn thất vọng.', 4, 1, NULL),
(32, 'Samsung Galaxy S10+ (Plus) 512GB', 1, 1, 18990000, 555000, 25000000, NULL, '2020-01-02 09:00:00', '2020-01-12 09:00:00', 'Samsung Galaxy S10 Plus 512GB \r\nCùng với Galaxy S10, Galaxy S10 Plus sẽ đánh dấu 10 năm dòng Galaxy S ra đời. Chính vì vậy, sản phẩm này hứa hẹn sẽ mang đến nhiều cải tiến giá trị so với những người tiền nhiệm và tạo ra cú đột phá mới cho Samsung, nhất là trong hoàn cảnh thị trường smartphone đang có dấu hiệu bão hòa, khi doanh số của cả Apple lẫn chính Samsung đều bị chững lại.\r\n\r\nThiết kế và màn hình Samsung Galaxy S10 Plus: “Nốt ruồi” độc đáo mặt trước\r\nKỷ nguyên của màn hình “nốt ruồi” (khoét lỗ tròn nhỏ để đặt camera) đã được khởi xướng với những thiết bị như Huawei Nova 4 hay Samsung Galaxy A8s và rất có thể nó sẽ tiếp tục hiện diện trên Galaxy S10 Plus. Tuy nhiên, chiếc điện thoại của Samsung đặc biệt ở chỗ nó sở hữu 2 camera trước nên sẽ được khoét một lỗ rộng hơn so với 2 thiết bị nói trên và người anh em Galaxy S10 (chỉ có 1 camera trước).Với ngôn ngữ thiết kế mới, viền màn hình của S10 Plus sẽ được làm mỏng hơn nữa, hình thành diện mạo hết sức độc đáo. Tuy nhiên, hệ quả là chúng ta sẽ thấy một chiếc điện thoại có mặt trước kỳ lạ nhất từ trước đến nay. Việc người dùng sẽ đón nhận nó ra sao (trong trường hợp thông tin chính xác) vẫn còn là một dấu hỏi.\r\n\r\nBộ nhớ trong dung lượng “khủng”, lên đến 512GB\r\nKhi nhu cầu người dùng ngày càng tăng cao về mọi mặt, ở cả công việc lẫn giải trí, chiếc điện thoại của họ ngày càng phải chứa nhiều thứ hơn, và đó là lúc những thiết bị sở hữu bộ nhớ trong lớn khẳng định giá trị. Tại Hàn Quốc, một báo cáo từng xác nhận khách hàng đặt mua bản 512GB của Galaxy Note 9 nhiều hơn bản 128GB dù phải bỏ ra số tiền lớn hơn đáng kể.Với bộ nhớ trong tích hợp sẵn lên đến 512GB, Galaxy S10 Plus cung cấp không gian lưu trữ rộng lớn để người dùng thoải mái chép vào/tải về nhiều phim để xem khi cần giải trí, cài đặt nhiều game nặng và nhiều ứng dụng đồ họa làm nhiệm vụ xử lý hàng đống ảnh – video mà họ ghi lại được trong cuộc sống hàng ngày, thậm chí là yên tâm đẩy độ phân giải video khi quay phim lên Full HD hay 4K.\r\n\r\nDung lượng Ram cao và cấu hình cực mạnh dễ dàng xử lý các tác vụ đa nhiệm\r\nGalaxy S10 Plus sẽ có RAM lên đến 10GB, vâng, bạn không nhìn nhầm, đây là mức RAM cao hơn khá nhiều mẫu laptop trên thị trường. Chắc hẳn, sẽ có ý kiến cho rằng một chiếc điện thoại nhỏ bé lại cần nhiều RAM đến thế (nhiều hơn cả laptop). Tuy nhiên, nếu được lựa chọn, bạn sẽ chọn RAM 6GB hay 10GB? Khi công nghệ ngày càng phát triển, chúng ta luôn muốn sở hữu thiết bị có phần cứng mạnh hơn.\r\n\r\nRAM lớn nghĩa là thiết bị sẽ chạy đa nhiệm tốt hơn, lưu được nhiều ứng dụng trong bộ nhớ trong thời gian dài để khi bạn mở lại, nó sẽ ngay lập tức được đưa đến thời điểm dừng lại trước đó. Với những máy có RAM ít dẫn đến thiếu RAM trống thường xuyên, sau một thời gian ứng dụng sẽ bị xóa khỏi bộ nhớ, đồng nghĩa với việc khởi chạy từ đầu khi bạn mở lại.\r\n\r\n', 4, 1, NULL),
(33, 'Nokia 7.2', 1, 1, 5490000, 120000, 6500000, NULL, '2020-01-02 10:00:00', '2020-01-10 10:00:00', 'Điện thoại Nokia 7.2 – Chiếc điện thoại tầm trung mạnh mẽ\r\nNokia là một thương hiệu sản xuất điện thoại lâu đời của thế giới. Những chiếc điện thoại của Nokia sản xuất luôn được người dùng ưa chuộng và đánh giá cao nhất là độ bền mà nó mang lại. Tiếp tục phát huy những thế mạnh của mình Nokia tiếp tục cho ra chiếc Nokia 7.2 với những tính năng theo kịp xu hướng công nghệ hiện đại.\r\n\r\nThiết kế Nokia 7.2 sang trọng ảnh hương nhiều từ thế hệ đàn anh Nokia 7.1\r\nNokia 7.2 có thiết kế nguyên khối được làm một cách tỉ mỉ và chi tiết. Các góc cạnh của Nokia 7.2 được bo tròn mềm mại tạo cảm giác cầm nắm dễ chịu. Chất liệu là khung kim loại tạo vẻ sang trọng và chắc chắn cho Nokia 7.2.Mặt sau của Nokia 7.2 có thiết kế kính sang trọng vì thế trông chiếc điện thoại này chẳng khác một sản phẩm cao cấp. Thêm vào đó với logo Nokia chạm khắc tính xảo chính giữa mặt lưng càng khẳng định đẳng cấp của chiếc điện thoại này.  \r\n\r\nMàn hình thiết kế giọt nước với độ phân giải full HD+ sắc nét\r\nNokia 7.2 sẽ có thiết kế giọt nước cùng tỷ lệ hiển thị màn hình lớn. Với thiết kế giọt nước Nokia 7.2 cho tỷ lệ hiển thị hơn 80% và độ phân giải full HD+ (1080*2280) vô cùng sắc nét sẽ cho người dùng trải nghiệm tuyệt vời nhất. Kích thước màn hình của Nokia 7.2 là 6.3 inch nhưng do có thiết kế tai thỏ nên nhìn tổng quan chiếc điện thoại này trông rất thon gọn.Công nghệ màn hình của Nokia 7.2 là IPS LCD tuy còn là công nghệ không mới nhưng đã vẫn đem lại hiển thị hết sức tuyệt vời. IPS LCD cho cân bằng màu sắc tốt ngay khi ngoài trời hình ảnh rõ chân thật. Nhưng bù lại loại công nghệ màn hình năng khá tốn pin và độ bền cũng không quá cao.\r\n\r\nHiệu năng mạnh mẽ với RAM 4GB với chip Qualcomm Snapdragon 660\r\nQualcomm Snapdragon là thương hiệu chip nổi tiếng hiện nay được nhiều hãng điện thoại tin tưởng để lắp đặt cho những chiếc điện thoại của mình. Với chip Snapdragon 660 sẽ cho Nokia 7.2 hiệu năng tốt và ổn định vì sự tối ưu cực tốt của dòng chip này để chơi game hay các thao tác cũng rất mượt mà. Thêm vào đó với hệ điều hành Android 9.0 sẽ giúp Nokia 7.2 tối ưu tốt hơn nữa cho người dùng trải nghiệm tuyệt vời nhất.', 4, 1, NULL),
(34, 'Apple iPhone 8 Plus 128GB Chính hãng', 1, 1, 16590000, 1300000, NULL, NULL, '2020-01-03 06:00:00', '2020-01-13 06:00:00', 'Hàng chính hãng mà VN/A\r\n', 4, 1, NULL),
(35, 'Apple iPhone XS 512GB Chính hãng', 1, 1, 26000000, 800000, 30000000, NULL, '2020-01-01 15:00:00', '2020-01-04 15:00:00', 'iPhone XS 512GB - Hiệu năng mượt mà với Apple A12 Bionic\r\nCó thể thấy rằng như thường lệ thì iPhone dòng “S” của Apple thường không thay đổi nhiều về mặt thiết kế, tuy nhiên lại được nâng cấp vô cùng mạnh mẽ về mặt tính năng lẫn cấu hình. iPhone XS 512GB cũng vậy, đây là phiên bản nâng cấp vô cùng mạnh mẽ của Apple về mặt các tính năng, cũng như chiếc smartphone mang lại hiệu năng và trải nghiệm tốt nhất thế giới. Ngoài ra, bạn có thể tham khảo 2 phiên bản dung lượng thấp hơn là iPhone XS 64GB và iPhone XS 256GB.\r\n\r\nThiết kế cao cấp, bền bỉCó thể thấy, thiết kế trên iPhone XS 512GB Chính hãng không có quá nhiều thay đổi so với chiếc iPhone X. Máy vẫn được trang bị khung viền thép không gỉ cao cấp, mặt lưng được Apple nâng cấp kính cường lực với khả năng chống xước tốt hơn. Tổng kích thước của máy là 143.6 x 70.9 x 7.7mm và có trọng lượng 177g. Bên cạnh đó, Apple đã trang bị thêm màu Gold cho sản phẩm bên cạnh 2 màu Silver, Space Gray cho người dùng có thêm sự lựa chọn.\r\n\r\niPhone XS 512GB sở hữu màn hình Super Retina sắc nét Máy được trang bị màn hình Super Retina có kích thước 5.8 inch độ phân giải đạt 2436 x 1125 pixel. Tấm nền OLED vẫn được Apple sử dụng trên iPhone XS 512GB. Đồng thời màn hình này cũng hỗ trợ các chuẩn Dolby Vison và HDR 10 cho trải nghiệm khi xem phim, chơi game trở nên sống động và chân thật hơn bao giờ hết.\r\n\r\nCon chip Apple A12 Bionic cho hiệu năng mượt màCó thể nói con chip Apple A12 Bionic trên iPhone XS phiên bản 512GB là bộ vi xử lý mang lại hiệu năng khủng nhất ở thời điểm hiện tại. Con chip này được xây dựng trên tiến trình 7nm giúp cải thiện khả năng xử lý và tiết kiệm pin của thiết bị. Trong đó có 6 nhân xử lý và 4 nhân đồ họa. Các trải nghiệm khi chơi Game, xử lý video 4K, AR giờ đây sẽ trở nên nhanh chóng tức thì và mượt mà hơn bao giờ hết.', 4, 1, NULL),
(36, 'Apple iPhone XS Max 64GB Chính hãng', 1, 1, 23590000, 4000000, NULL, NULL, '2019-12-28 21:00:00', '2020-01-08 21:00:00', 'iPhone Xs Max 64GB - Flagship mạnh mẽ nhất của Apple\r\nChính thức ra mắt vào tháng 9 năm 2018, iPhone XS MAX là một trong những dòng flagship thành công nhất của Apple. Không phụ kỳ vọng của người hâm mộ, iPhone XS MAX 64GB chính hãng VN/A sỡ hữu những công nghệ nổi bật như chip A12 mạnh mẽ, màn hình rộng đến 6.5 inches, camera kép AI, Face ID nâng cấp cùng dung lượng bộ nhớ tối ưu.\r\n\r\niPhone chính hãng VN/A là gì? Vì sao nên mua iPhone chính hãng VN/A?\r\niPhone chính hãng VN/A là các sản phẩm iPhone được Apple sản xuất riêng cho thị trường và phân phối trực tiếp cho những công ty đối tác tại Việt Nam. Khi mua dòng sản phẩm này, bạn sẽ có được những quyền lợi và hỗ trợ mà các dòng iPhone xách tay, iPhone cũ không có. Những tiêu chuẩn về chất lượng sản phẩm cũng như các quyền lợi về bảo hành sản phẩm là điều mà bạn sẽ được trải nghiệm rõ ràng nhất khi mua iPhone chính hãng VN/A.\r\n\r\nThứ nhất, sản phẩm bạn mua sẽ được đảm bảo đúng các tiêu chuẩn về chất lượng và an toàn của Apple vì các sản phẩm iPhone chính hãng VN/A đều phải là hàng mới 100%, nguyên seal và chưa active. Các sản phẩm hàng xách tay bên ngoài thị trường có thể có giá rẻ hơn nhưng vấn đề chất lượng sẽ không được đảm bảo, tạo cảm giác không yên tâm khi mua hàng.Thứ hai, chính sách bảo hành dành cho các máy iPhone chính hãng VN/A rất tốt và toàn diện. Khi mua iPhone Xs Max chính hãng VN/A tại CellphoneS, bạn sẽ được đổi trả máy hoàn toàn miễn phí trong 30 ngày đầu nếu có lỗi kỹ thuật từ nhà sản xuất, bên cạnh đó, Apple cũng đảm bảo cho bạn quyền lợi được đổi máy, đổi bảo hành hoặc sửa chữa trong vòng năm tại các trung tâm bảo hành ủy quyền của Apple.\r\n\r\nTrong khi đó, trên thị trường còn có các dòng máy iPhone nhập khẩu chính hãng và nhập khẩu mới, đây là những sản phẩm iPhone được sản xuất cho các thị trường nước ngoài, được các công ty trong nước nhập khẩu về hoặc do các cá nhân không có nhu cầu bán lại cho các đại lý bán lẻ theo số lượng lẻ. Các dòng sản phẩm này có chính sách bảo hành với ít quyền lợi hơn so với hàng chính hãng VN/A. Ví dụ, iPhone nhập khẩu chính hãng mặc dù vẫn có thời hạn đổi máy mới trong 30 ngày, nhưng việc đổi máy, đổi bảo hành được thực hiện tại hệ thống bán lẻ. Ngoài ra, các sản phẩm nhập khẩu mới chỉ được đổi máy mới sau khi mua trong vòng 15 ngày.\r\n\r\nThiết kế cao cấp, sang trọng và màn hình OLED tái tạo hình ảnh đầy chân thực\r\niPhone Xs Max xứng đáng là chiếc iPhone cao cấp nhất của Apple trong thời điểm hiện tại khi sở hữu lối thiết kế vô cùng tinh và thu hút với những đường cong mềm mại, đặc trưng và đầy tính biểu tượng từ những chiếc iPhone tiền nhiệm. Phần khung viền của iPhone Xs Max 64GB được làm từ thép không gỉ, mặt lưng là kính cường lực vừa đảm bảo tính thẩm mỹ cao vừa tạo sự an toàn tuyệt đối cho thiết bị.iPhone XS MAX có một thân hình khá to, tương đương với kích thước của những chiếc iPhone dòng Plus trước đó nhằm chứa đựng một màn hình rộng đến 6.5 inches – màn hình lớn nhất từ trước đến nay được Apple trang bị cho iPhone. Màn hình này sử dụng công nghệ OLED, có độ phân giải 3.688 x 1.242 pixels với 3.3 triệu điểm ảnh cho khả năng hiển thị hình ảnh cực kỳ sống động và chân thực. Bên cạnh đó, Apple còn tích hợp trên iPhone XS MAX 64GB công nghệ hiển thị HDR10 giúp chất lượng hình ảnh được nâng cao và mượt mà hơn đáng kể.\r\n\r\nHiệu năng hàng đầu với chip Apple A12 cực mạnh mẽ\r\nVới tư cách là flagship hàng đầu của Táo khuyết, Xs Max 64GB được trang bị con chip A12 Bionic mới nhất sản xuất trên tiến trình 7nm với 6,9 tỷ bóng bán dẫn và có khả năng thực hiện 5 ngàn tỷ phép tính mỗi giây. Theo như thông tin từ Apple,chip A12 Bionic gồm 4 nhân GPU, 6 nhân CPU (2 nhân hiệu năng cao + 4 nhân tiết kiệm điện), Neural Engine thế hệ mới', 4, 1, NULL),
(37, 'Samsung Galaxy Note 9 512GB', 1, 1, 19990000, 500000, NULL, NULL, '2019-12-25 17:00:00', '2020-01-05 17:00:00', 'Điện thoại Samsung Galaxy Note 9 512GB - Smartphone thiết kế màn hình cong độc đáo cùng tính năng vượt trội\r\nSau sự thành công của Galaxy Note 8 thì vào tháng 8/2018, Samsung trình làng phiên bản tiếp theo với các cải tiến đột phá mang tên Samsung Galaxy Note 9. Dòng Galaxy Note gây ấn tượng mạnh mẽ với giới công nghệ từ chiếc bút S-Pen thông minh vi diệu cũng như viên pin dung lượng cực khủng 4.000 mAh.\r\n\r\nThiết kế sang trọng, tinh tế và màn hình tràn viền phá vỡ các khuôn khổ giới hạn\r\nThừa kế vẻ đẹp từ đàn anh Galaxy Note 8, Samsung Galaxy Note 9 sở hữu thiết kế mạnh mẽ với khung viền kim loại sắc sảo với hai mặt kính cong 3D, đồng thời có phần mềm mại với những đường cong cách điệu. Điểm thay đổi đáng chú ý chính là cảm biến vân tay của Note 9 được đặt ở mặt lưng, phía dưới cụm camera kép - đây là vị trí vô cùng thuận lợi để bạn có thể mở khóa thiết bị dễ dàng.Bên cạnh đó, với màn hình kích thước khủng đến 6.4 inch cùng với thiết kế tối giản cạnh viền trên dưới, Samsung Galaxy Note 9 mang lại không gian trải nghiệm thị giác tuyệt vời hơn nữa. Người dùng còn có thể đắm mình trong trải nghiệm điện ảnh mê hoặc với độ phân giải 2960x1440 pixels trên màn hình vô cùng Super AMOLED mang độ phân giải Quad HD+, đồng thời cảm biến và quét mống mắt được giấu khéo léo để không cản trở tầm nhìn.\r\n\r\nCông cụ thông minh S Pen được nâng cấp\r\nS Pen từ trước đến này luôn là điểm mạnh của Galaxy Note, mang lại trải nghiệm ghi chú, viết vẽ như thật vô cùng tiện lợi cùng đầu bút mỏng 0.7 mm và 4096 cấp độ tương tác lực. Bên cạnh đó, bạn có thể nạp năng lượng trở lại cho S Pen rất đơn giản bằng cách đặt lại vào Galaxy Note 9 để nạp thêm 30 phút sử dụng chỉ trong 40 giây. Người dùng thậm chí có thể kích hoạt Ghi chú trên màn hình khóa và kịp thời ghi lại các ý tưởng đắt giá bất kỳ lúc nào.', 4, 1, NULL),
(38, 'Vertu Signature S Yellow Gold Diamond Bag Keys Mới', 1, 1, 1950000000, 7000000, 2000000000, NULL, '2019-12-20 05:00:00', '2020-01-04 05:00:00', 'Vertu S Design được thiết kế từ 388 thành phần cơ khí khác nhau tạo nên, phức tạp đến nỗi gần như không thể chế tạo được bởi những chi tiết tỉ mỉ, chính xác gần như tuyệt đối. Những người thợ thủ công giàu kinh nghiệm đã mất đến 3 năm chỉ để học cách lắp ráp hoàn chỉnh một chiếc điện thoại và chỉ có vài người trên thế giới có thể làm được điều này. Chỉ riêng chiếc điện thoại Vertu Signature S Design đã sở hữu 74 bằng sáng chế bảo vệ quyền sở hữu trí tuệ. Gần 100 cuộc kiểm nghiệm nghiêm ngặt bảo đảm từng thiết bị đều hoàn hảo trước khi ra khỏi nhà máy.', 4, 1, NULL),
(39, 'Vertu Constellation 2 Sim màu gỗ óc chó', 1, 1, 139000000, 4000000, 150000000, NULL, '2019-12-23 13:00:00', '2020-01-03 13:00:00', 'Vertu Constellation 2 Sim màu gỗ óc chó giới thiệu với khách hàng sản phẩm điện thoại đời mới nhất của dòng điện thoại cảm ứng thông minh Vertu.\r\n\r\nSử dụng hệ điều hành Android mới nhất bộ nhớ 64G sẽ là một sự đột phá trong bộ sưu tập phiên bản năm 2017. Vertu Aster sử dụng chất liệu titan và sapphire kết hợp đá ruby đánh bóng bằng tay ở các chi tiết. Ở mặt lưng của Vertu, người dùng có thể tùy chọn chất liệu da bê, da rắn hoặc da đà điểu. Thiết bị Android làm bằng titan này đóng gói các bộ phận đắt giá như màn hình 5.5 inch độ phân giải full HD 1080p được bao bọc bởi một mặt kính sapphire 117 carat 5.1 inch. Bên trong máy là chip Snapdragon 801 tốc độ 2.3GHz, một camera chính 13 MP với hai đèn flash LED, mặt trước có camera 2.1 MP. Máy cũng có bộ nhớ trong 64GB, pin dung lượng 2,275mAh, loa stereo phía trước, công nghệ NFC, sạc không dây Qi và khả năng tương thích với mạng 4G LTE.  Vertu Constellation 2 Sim có nguồn pin 3.250 mAh, hỗ trợ sạc không dây chuẩn Qi. Máy khá nặng tay với trọng lượng 193 g, kích thước 143,4 x 69 x 11, 2 mm.', 4, 1, NULL),
(40, 'Vertu Aster BLACK CHEVRON mới tinh', 1, 1, 90000000, 3000000, NULL, NULL, '2019-12-28 14:00:00', '2020-01-05 14:00:00', 'Vertu Aster BLACK CHEVRON giới thiệu với khách hàng sản phẩm điện thoại đời mới nhất của dòng điện thoại cảm ứng thông minh Vertu.\r\n\r\nSử dụng hệ điều hành Android 4.4 kitkat bộ nhớ 64G sẽ là một sự đột phá trong bộ sưu tập phiên bản năm 2014. Vertu Aster sử dụng chất liệu titan và sapphire kết hợp đá ruby đánh bóng bằng tay ở các chi tiết. Ở mặt lưng của Vertu, người dùng có thể tùy chọn chất liệu da bê, da rắn hoặc da đà điểu. Thiết bị Android làm bằng titan này đóng gói các bộ phận đắt giá như màn hình 4.7 inch độ phân giải full HD 1080p được bao bọc bởi một mặt kính sapphire 117 carat 5.1 inch. Bên trong máy là chip Snapdragon 801 tốc độ 2.3GHz, một camera chính 13 MP với hai đèn flash LED, mặt trước có camera 2.1 MP. Máy cũng có bộ nhớ trong 64GB, pin dung lượng 2,275mAh, loa stereo phía trước, công nghệ NFC, sạc không dây Qi và khả năng tương thích với mạng 4G LTE.  Aster có nguồn pin 2.250 mAh, hỗ trợ sạc không dây chuẩn Qi. Máy khá nặng tay với trọng lượng 193 g, kích thước 143,4 x 69 x 11, 2 mm.', 4, 1, NULL),
(41, 'Asus F571GD-BQ286T', 1, 2, 18490000, 100000, 20000000, NULL, '2019-12-30 12:30:00', '2020-01-06 12:30:00', 'Thương hiệu	ASUS\r\nCPU	Intel® Core™ i5-9300H (2.4GHz upto 4.1GHz, 4Cores, 8Threads, 8MB cache, FSB 8GT/s)\r\nRAM	8GB DDR4 2400MHz onboard + 1 Slot RAM\r\nỔ cứng	HDD 1TB 5400rpm + 1 slot SSD M.2\r\nCD/DVD	None\r\nCard VGA	NVIDIA GeForce GTX 1050 GDDR5 4GB\r\nMàn hình	15.6-inch FHD (1920x1080), LED backlit, 60Hz, Anti-Glare, 45% NTSC\r\nKết nối	Wifi 802.11ac + Bluetooth 5.0\r\nTích hợp	1 x COMBO audio jack\r\n1 x Type-C USB 3.0 (USB 3.1 Gen 1)\r\n1 x USB 3.0 port(s) Type A\r\n2 x USB 2.0 port(s)\r\n1 x HDMI\r\n1 x Fingerprint reader (Optional)\r\nBàn phím	Chiclet keyboard\r\nNguồn	Plug type :ø4 (mm)\r\nOutput : 20 V DC, 7.5 A, 150 W\r\nInput : 100 -240 V AC, 50/60 Hz universal\r\nKích thước	359 x 248 x 21.9 mm (WxDxH)\r\nTrọng lượng	1.8 kg\r\nPin	3 -Cell 42 Wh Polymer Battery\r\nHệ điều hành	Windows 10 bản quyền', 4, 1, NULL),
(42, 'Asus Vivobook A512FL-EJ222T (Silver) - 2019', 1, 2, 16650000, 900000, NULL, NULL, '2020-01-01 14:00:00', '2020-01-11 14:00:00', 'Khung máy Asus Vivobook A512FL-EJ222T được thiết kế chi tiết tỉ mỉ và chăm chút từng chi tiết nhỏ nhất.NÂNG TẦM PHONG CÁCH - THIẾT KẾ BẢN LỀ ERGOLIFT\r\n\r\nAsus Vivobook A512FL-EJ222T được thiết kế để tối đa hóa khả năng làm việc. Với thiết kế bản lề Ergolift giúp nâng máy lên góc 2° so với mặt bàn đem lại trải nghiệm bàn phím tốt hơn, gia tăng hiệu suất làm việc.MÀN HÌNH NANO EDGE VIỀN SIÊU MỎNG\r\n\r\nAsus Vivobook A512FL-EJ222T với màn hình Nano Edge viền mỏng 4 cạnh, tỉ lệ màn hình so với thân máy lên tới 88%, viền màn hình mỏng 5.7mm.THIẾT KẾ MỎNG NHẸ - THUẬN TIỆN CHO DI ĐỘNG\r\n\r\nAsus Vivobook A512FL-EJ222T được thiết kế với trọng lượng và độ dày để có thể nằm lọt thỏm trong balo hay túi xách của bạn, tăng sự di động, thoải mái để có thể cùng bạn đi đến bất cứ nơi đâu.', 4, 1, NULL),
(43, 'HP Envy 13-aq0026TU - Model 2019 (Gold)', 1, 2, 19990000, 780000, NULL, NULL, '2020-01-01 17:00:00', '2020-01-10 17:00:00', 'HP Envy 13-aq0026TU (6ZF38PA) đã chứng minh rằng bạn không phải tốn rất nhiều tiền vẫn có thể có được một chiếc laptop mỏng nhẹ với kiểu dáng sang trọng và một hiệu năng mạnh mẽ. Với mức giá chỉ tầm 20 triệu bạn sẽ có một chiếc ultrabook nặng 1,3kg và được trang bị bộ vi xử lí Intel thế hệ thứ 8Thiết kế khung máy với các đường nét gợi cảm hoàn toàn bằng kim loại, một viên pin có thời lượng sử dụng kéo dài lên đến cả ngày và ngoài ra còn có một chiếc bàn phím có chất lượng hoàn thiện và mang lại một trải nghiệm tuyệt vời. Tuy nhiên về phần màn hình thì vẫn thua kém khá nhiều đối thủ khác tuy nhiên để đổi lấy mức giá như thế này thì đây là điều chấp nhận được.\r\nThiết kế Envy 13-aq0026TU\r\nPhần vỏ màu bạc được làm từ hợp kim magie và được thiết kế bề mặt dạng nhám không khác biệt nhiều so với những chiếc laptop trên thị trường hiện nay tuy nhiên hãng cũng không quên tạo cho mình một điểm nhấn đó chính là tại phần bản lề được làm bóng lên khiến cho chiếc laptop này thêm phần sang trọng cũng như chiếc máy trông có vẻ gọn hơn. Bên trong chiếc máy cũng được làm bằng nhôm, các phím màu bạc tạo vẻ hài hòa với thân máy, các cạnh vòng quanh màn hình cũng được thiết kế mỏng hơn khiến cho chiếc laptop trở nên hấp dẫn hơn bao giờ hết\r\n\r\nVới kích thước 12 x 8,5 x 0,55 inch,HP Envy 13-aq0026TU (6ZF38PA) giúp cho việc mang đi lại làm những công việc đòi hỏi di chuyển nhiều trở nên rất tiện lợi với nó, khối lượng lượng 1,3 kg   không quá trên lệch so với những đối thủ khác Dell XPS 13 và Microsoft Surface 1,22kg và MacBook Air mới nhất (1,24kg).Màn hình của Hp Envy 13-aq0026TU\r\nĐược trang bị màn hình cảm ứng 13,3 inch với độ phân giải Full-HD HP Envy 13-aq0026TU (6ZF38PA) cung cấp một chất lượng hiển thị khá ổn khi mà màu sắc hiển thị khá chính xác tuy nhiên lại thiếu đi độ “bật” so với các đối thủ cạnh tranh đắt tiền hơn như Dell XPS 13 tuy nhiên HP vẫn có sẵn tùy chọn màn hình 4K với chất lượng hiển thị đặc sắc hơn và chắc chắn đi kèm với đó là một mức giá cao hơn phiên bản thường\r\n\r\nMàn hình của HP Envy 13 đã tái tạo được 106% gam màu  sRGB. MacBook Air đạt điểm cao hơn một chút là 109% và XPS 13 thậm chí còn tốt hơn (130% ở 1080p, 117 % ở 4K). Surface Laptop 2 thì lại ở một đẳng cấp riêng khi chỉ số là 176%.\r\n\r\nBề mặt gương mang lại tính thẩm mỹ cao cho chiếc laptop này thế như đây cũng là một nhược điểm khi bạn làm việc tại những nơi có độ sáng cao hay chỉ đơn giản là ánh đèn thì nó đã làm giảm trải nghiệm của bạn trên chiếc màn hình này rất nhiềuBàn phím và touchpad\r\nHãy chú ý rằng đây chỉ là một chiếc laptop với thiết kế siêu mỏng nhẹ thế nhưng chiếc bàn phím này vẫn mang lại một trải nghiệm trên cả tuyệt vời và đây sẽ là một sự lựa chọn tốt nếu bnaj là người thường xuyên làm việc với bàn phím. Để có được điều này thì kích thước các phím bấm của chiếc laptop này được thiết kế rất vừa tay và một hành trình phím 1,2mm tuy vậy khi bạn nhấn sẽ không cảm giác là chiếc bàn phím này quá nông\r\n\r\nBàn di chuột được thiết kế không có nút với kích thước 4,3 x 2,1 inch có độ chính xác cao, khiến cho các thao tác vuốt chạm trở nên mượt mà hơn\r\nHiệu năng\r\nHiệu năng khá mạnh mẻ với chip Intel Core i7-8550U, RAM 8GB và SSD 256GB PCIe bạn có thể làm việc với nhiều tab hay các tác vụ đa nhiệm cũng không gây ra hiện tượng giật lag trong quá trình sử dụng, ngoài ra tản nhiệt cũng là một đặc điểm mà nhiều người quan trên những chiếc laptop mỏng nhẹ và qua quá trình trải nghiệm thì nhiệt độ vẫn được giữ ở mức ổn định không quá nóng và hệ thống tản nhiệt cũng không tạo ra nhiều tiếng ồn trong quá trình sử dụng\r\n\r\nHP Envy 13-aq0026TU (6ZF38PA) có điểm Geekbench 4 khá cao đạt 12.225 so với phiên bản i5 của XPS 13 là 13.254 và Surface Laptop 2 với chip Core i5 đạt 12.676. Bộ xử lý Y Series kém mạnh mẽ hơn trong MacBook Air đạt dưới 8.000.\r\n\r\nSSD của chiếc máy này chỉ mất 24 giây để sao chép 4,97GB tệp phương tiện hỗn hợp. Một tốc độ khá ổn định để các công việc đòi hỏi tốc độ đọc ghi sẽ không bị ảnh hưởng\r\n\r\nKhả năng xử lí hình ảnh của chiếc laptop này không quá cao khi chỉ sử dụng GPU tích hợp Intel UHD  620 và chắc chắn rằng việc chơi game trên chiếc laptop này sẽ không mượt mà thậm chí là không chơi được, tuy nhiên mục đích sản xuất của chiếc laptop này không phải là chơi game. \r\n\r\n', 4, 1, NULL),
(44, 'Asus ROG Strix G531GD-AL025T', 1, 2, 20990000, 300000, 23000000, NULL, '2020-01-02 16:00:00', '2020-01-12 16:00:00', 'ASUS ROG Strix G G531GD-AL025T, được thiết kế để cạnh tranh ở tầng cao nhất của trò chơi ở phiên bản Windows 10 Pro. Làm mát thông minh giải phóng bản chất sức mạnh của CPU Intel Core thế hệ thứ 9 và đồ họa GeForce RTX ™, trong khi màn hình máy tính xách tay 240Hz/ 3ms nhanh nhất thế giới cho phép bạn chơi ở tốc độ game chuyên nghiệp. Tham gia vào các trận đấu nhiều người chơi ở bất cứ nơi nào có Wi-Fi RangeBoost mạnh hơn, thể hiện cá tính của bạn với thanh ánh sáng Aura Sync bao quanh và giành quyền riêng tư cho dữ liệu cá nhân với Keystone ROG mới.\r\n\r\nTHIẾT KẾ MỚI - PHỤC VỤ NHU CẦU THƯỜNG XUYÊNHiệu quả và đổi mới hợp nhất trong ASUS ROG Strix G G531GD-AL025T màu xám bóng mượt, đẹp mắt. Thiết kế chiến lược của nó được lấy cảm hứng từ sự hợp tác của chúng tôi với Tập đoàn BMW Designworks và tạo ra lợi thế hệ thống làm mát hiện đại nhất mà bạn chưa từng chiêm ngưỡng. Nội thất có hoa văn carbon tinh tế được tạo điểm nhấn bởi ánh sáng Aura Sync trải dài bằng dải đèn tùy chọn tỏa ánh sáng RGB quanh các cạnh máy, bàn phím và logo ROG. Cho dù bạn đang chuẩn bị để cạnh tranh hay nhảy vào chơi nhanh, cỗ máy có nắp kim loại này vẫn được tinh chỉnh và sẵn sàng hành động cho các tác vụ.\r\n\r\nTRẢI NGHIỆM CHƠI GAMES CỰC ĐỈNHMọi thứ, từ chơi game khó cho đến đa nhiệm hàng ngày đều nhanh và mượt mà với ASUS ROG Strix G G531GD-AL025T. Đồ họa GeForce RTX 2070 tiên tiến được hỗ trợ bởi ROG Boost lên đến 1540 MHz ở 115W ở chế độ Turbo cho phép chơi trò chơi mượt mà tuyệt vời. Bộ xử lý Intel® Core thế hệ thứ 9, i7-9750H mạnh mẽ được kết hợp với tối đa 32GB RAM DDR4-2666 thông qua công việc và giải trí chuyên sâu. Với ổ SSD M.2 NVMe lên đến 1TB và FireCuda ™ SSHD 1TB, bộ nhớ đủ nhanh và rộng rãi để mang toàn bộ thư viện trò chơi của bạn đi bất cứ đâu và chơi mọi lúc mọi nơi.\r\n\r\nCPU INTEL CORE THẾ HỆ THỨ 9 MỚI NHẤT\r\n\r\nCung cấp năng lượng thông qua các tác vụ chuyên sâu với CPU Intel® Core ™ i7-9750H thế hệ thứ 9 mới nhất. Bộ xử lý 8 lõi này đẩy tần số lên tới 4,1GHz với một lõi và Hyper-Threading cho phép lên đến 16 luồng song song để tăng tốc đa nhiệm nặng. Người tạo nội dung có thể làm việc trên các dự án lớn, như chỉnh sửa video và kết xuất 3D, nhanh chóng và hiệu quả, trong khi các game thủ có thể chơi, trò chuyện và phát trực tiếp tất cả các hành động cùng một lúc.', 4, 1, NULL);
-- (45, 'Asus Zenbook 13 UX333FA-A4181T (Red)', 1, 2, 19990000, 200000, NULL, NULL, '2020-01-01 12:00:00', '2020-01-21 12:00:00', 'Màn hình NanoEdge - Vẻ đẹp khó cưỡng\r\nĐược thiết kế để mang đến cho bạn diện tích màn hình lớn nhất trong không gian tiết kiệm nhất, thiết kế NanoEdge dường như không viền trên bốn cạnh mới của Asus Zenbook 13 UX333 chỉ còn một từ để diễn tả, đó là ngoạn mục: từng hình ảnh đều chìm đắm hơn và đôi mắt ít bị sao lãng hơn. Viền siêu mỏng1 chỉ 2,8mm trên hai cạnh bên, 3,3mm ở cạnh dưới và chỉ 5,9mm ở cạnh trên cùng để đủ chỗ cho camera. Hiệu ứng thu được thực sự ấn tượng – trước mắt bạn giống như một khung trời vô cực! Và với màn hình siêu nhỏ gọn này, Asus Zenbook 13 UX333 có kích thước chỉ bằng một tờ giấy A4 – trên thực tế, đây là một trong những mẫu máy tính xách tay 13-inch nhỏ gọn nhất hiện có.\r\n\r\nHình ảnh sống động choáng ngợp\r\nĐể thỏa sức sáng tạo đòi hỏi phải có màn hình thật tuyệt vời, vì thế Asus Zenbook 13 UX333 đã trang bị màn hình độ phân giải cao, rõ nét và trong trẻo giúp cho từng hình ảnh đều trở nên tốt nhất với góc nhìn rộng, màu sắc chính xác và sống động. Màn hình này còn hỗ trợ những công nghệ độc quyền của ASUS – trong đó có ASUS Splendid và ASUS Tru2Life Video – tinh chỉnh các thông số màn hình để đảm bảo độ thoải mái tối đa cho mắt cũng như khả năng thể hiện màu sắc tối ưu cho mọi loại nội dung.Thiết kế hướng tới người dùng\r\nMọi chiếc ZenBook đều đặt sự thoải mái của bạn là một trong những ưu tiên hàng đầu. Asus Zenbook 13 UX333 nỗ lực vượt bậc với bản lề ErgoLift, một tuyệt tác kỹ thuật được thiết kế để tự động nâng bàn phím tới vị trí gõ thoải mái nhất. Nhưng đó chưa phải là tất cả: độ nâng được tính toán tỉ mỉ cũng cải thiện hiệu suất làm mát và hiệu suất âm thanh.Định nghĩa laptop siêu di động\r\nAsus Zenbook 13 UX333 báo hiệu kỷ nguyên mới của thiết kế siêu linh hoạt, với khung máy siêu gọn nhẹ làm nên mẫu máy tính xách tay 13-inch nhỏ gọn nhất từ trước đến nay, mà trên thực tế chỉ có kích thước xấp xỉ một tờ giấy A4 và còn là một trong những chiếc máy tính xách tay nhỏ nhất thế giới! Tuy vậy, phong cách truyền thống của ZenBook không hề bị mất đi: lớp hoàn thiện vân kim loại đồng tâm lấy cảm hứng từ Zen đặc trưng trên nắp lưng và lựa chọn giữa lớp hoàn thiện màu Xanh hoàng gia danh giá hoặc màu Bạc băng tinh tế, cả hai mẫu thiết kế này đều được nhấn mạnh bằng sự tương phản tươi mới của panel viền màu Vàng hồng phía trên bàn phím, làm tôn lên thêm vẻ sang trọng.', 4, 1, NULL),
-- (46, 'Acer Predator Triton 900 PT917-71-7554 (NH.Q4VSV.0', 1, 2, 150800000, 10000000, 200000000, NULL, '2019-12-25 10:00:00', '2020-01-04 10:00:00', 'Model	Predator\r\nThương hiệu	Acer\r\nCPU	Intel® Core™ i7-8750H (2.20GHz upto 4.10GHz, 6Cores, 12Threads, 9MB cache, FSB 8GT/s)\r\nRAM	32GB DDR4-2666MHz, Max 32GB\r\nỔ cứng	2x 512GB SSD M.2 PCIe NVMe (RAID 0)\r\nCD/DVD	None\r\nCard VGA	NVIDIA GeForce® RTX 2080 8GB GDDR6\r\nMàn hình	17.3-inch UHD (3840 x 2160) IPS Glare, 400 nits, 100% Adobe RGB, Acer ComfyViewTM LED-backlit TFT LCD,multi-touch and Gsync. Màn hình cảm ứng xoay gập 360 độ\r\nKết nối	802.11AC (2x2) KillerTM Wireless-AC 1550 / 1550i + Bluetooth 5.0\r\nTích hợp	1x Thunderbolt™ 3\r\n1x USB Type-C\r\n1xHDMI® 2.0\r\n1x Display Port\r\n2x USB 3.1\r\n1x ports USB 2.0\r\n1x Ethernet (RJ-45) port\r\n1x Headphone/speaker jack\r\n1x Microphone-in jack\r\nTrọng lượng	3.6 kg\r\nPin	4-Cell4.67mAh\r\nHệ điều hành	Windows 10 bản quyền', 4, 1, NULL),
-- (47, 'MSI GT75 9SG-New Titan', 1, 2, 113990000, 11300000, 150000000, NULL, '2019-12-28 14:00:00', '2020-01-05 14:00:00', 'Model	GT Gaming\r\nThương hiệu	MSI\r\nCPU	Intel Core i9-9980HK 2.40GHz up to 5.00GHz 16MB\r\nRAM	32GB DDR4 2666MHz (4x SO-DIMM socket, up to 128GB SDRAM)\r\nỔ cứng	SSD 512GB M.2 3x4 NMve (Super Raid) + HDD 1TB 7200rpm\r\nCD/DVD	Blueray + DVD±R/RW supperMulti DL\r\nCard VGA	NVIDIA GeForce RTX 2080 8GB GDDR6\r\nTản nhiệt	Cooler Boost Titan (3 Quạt + 15 Ống dẫn nhiệt)\r\nMàn hình	17.3\" UHD (3840*2160) 4K, IPS-Level Adobe:100% sRGB\r\nKết nối	Killer Wireless-AC 1550 (2*2 a/c) + BT5\r\nTích hợp	5x USB 3.2 Gen2, 1x USB Type-C (USB 3.2 Gen2/ DP/ Thunderbolt™3), 1x HDMI, 1x Mini-DisplayPort, RJ45\r\nBàn phím	Mechanical Backlight Keyboard (Per-key RGB, Full-Color)\r\nTrọng lượng	4.56kg\r\nPin	8 Cell 90WHr\r\nHệ điều hành	Windows 10 Home bản quyền', 4, 1, NULL),
-- (48, 'Asus ROG G703GXR-EV029R (TITANIUM)', 1, 2, 119000000, 12000000, 180000000, NULL, '2020-01-01 18:00:00', '2020-01-15 18:00:00', 'Model	Republic Of Gamers\r\nThương hiệu	Asus\r\nCPU	Intel® Core™ i9-9980HK (2.40GHz upto 5.0GHz, 8Cores, 16Threads, 16MB cache)\r\nRAM	32GB DDR4 2666MHz, Max 64GB\r\nỔ cứng	1.5TB SSD M2 PCIe3x4 (512GB *3)\r\nCD/DVD	None\r\nCard VGA	NVIDIA GeForce® RTX 2080 8GB GDDR6\r\nMàn hình	17.3\" FHD IPS (1920x1080) Non-Glare, 300nits, 144Hz G-sync\r\nKết nối	Wifi 802.11ac 2x2 Wave 2 WLAN + Bluetooth 5.0\r\nTích hợp	1 x USB 3.1 Gen2 (Type-C) / Thunderbolt 3\r\n3 x USB 3.1 Gen2\r\n1 x mDP 1.4\r\n1 x HDMI 2.0\r\n1 x RJ-45 Jack\r\n1 x SD card reader\r\n1 x 3.5mm headphone and microphone combo jack\r\n1x 3.5mm microphone jack\r\n1 x Kensington lock\r\nBàn phím	Backlit full-sized chiclet keyboard (Per-key RGB), Aura Sync\r\nTrọng lượng	4.7 kg\r\nPin	8 Cells 96 Whrs\r\nHệ điều hành	Windows 10 bản quyền', 4, 1, NULL),
-- (49, 'Laptop Acer Predator Triton 500 PT515-51-747N ', 1, 2, 79990000, 3000000, NULL, NULL, '2020-01-01 16:00:00', '2020-01-13 16:00:00', 'Tên sản phẩm: Máy tính xách tay/ Laptop Acer Predator Triton 500 PT515-51-747N (NH.Q4WSV.007) (i7-9750H) (Đen)\r\n\r\n- CPU: Intel Core i7 9750H (2.6 GHz - 4.5 GHz/12MB/6 nhân, 12 luồng)\r\n- Màn hình: 15.6\" IPS (1920 x 1080), 300Hz, không cảm ứng\r\n- RAM: 32GB DDR4 2666MHz (2 Khe cắm, Hỗ trợ tối đa 32GB)\r\n- Đồ họa: NVIDIA GeForce RTX 2080 8GB GDDR6 / Intel UHD Graphics 630\r\n- Lưu trữ: 1TB SSD M.2 NVMe /\r\n- Hệ điều hành: Windows 10 Home 64-bit\r\n- Pin: 4 cell 84 Wh Pin liền, Khối lượng: 2.1 kg', 4, 1, NULL),
-- (50, 'Laptop HP OMEN 15-dh0169tx (8ZR37PA)', 1, 2, 76990000, 2450000, NULL, NULL, '2020-01-01 15:40:00', '2020-01-07 15:40:00', 'Tên sản phẩm: Máy tính xách tay/ Laptop HP Omen 15-dh0169tx (8ZR37PA) (i9-9880H) (Đen)\r\n\r\n- CPU: Intel Core i9-9880H (2.3 GHz - 4.8 GHz/16MB/8 nhân, 16 luồng)\r\n- Màn hình: 15.6\" (1920 x 1080), 240Hz, không cảm ứng\r\n- RAM: 2 x 8GB DDR4 2666MHz (2 Khe cắm, Hỗ trợ tối đa 32GB)\r\n- Đồ họa: NVIDIA GeForce RTX 2080 8GB GDDR6 / Intel UHD Graphics 630\r\n- Lưu trữ: 512GB SSD M.2 NVMe + 32GB Optane /\r\n- Hệ điều hành: Windows 10 Home SL 64-bit\r\n- Pin: 6 cell 70 Wh Pin liền, Khối lượng: 2.4 kg', 4, 1, NULL),
-- (51, 'Laptop Apple MacBook Pro 2019 MV932', 1, 2, 69990000, 4500000, 80000000, NULL, '2020-01-02 09:30:00', '2020-01-12 09:30:00', 'Tên sản phẩm: Máy tính xách tay/ Laptop MacBook Pro 2019 15.4\" MV932 (Bạc)\r\n\r\n- CPU: Intel Core i9\r\n- Màn hình: 15.4\" IPS (2880 x 1800), không cảm ứng\r\n- RAM: 16GB Onboard DDR4 2400MHz , Không nâng cấp được)\r\n- Đồ họa: AMD Radeon Pro 560X 4GB GDDR5 /\r\n- Lưu trữ: 512GB SSD /\r\n- Hệ điều hành: macOS\r\n- 84 Wh Pin liền, Khối lượng: 1.8 kg', 4, 1, NULL),
-- (52, 'Laptop Apple Macbook Pro 2018 15\" MR942', 1, 2, 69800000, 2300000, 90000000, NULL, '2020-01-02 10:00:00', '2020-01-20 10:00:00', 'Tên sản phẩm: Máy tính xách tay/ Laptop MacBook Pro 2018 15\" MR942 (Xám)\r\n\r\n- CPU: Core i7 ( 2.6 GHz\r\n- Màn hình: 15\" ( 2880 x 1800 ) , không cảm ứng\r\n- RAM: 16GB\r\n- Đồ họa: Intel UHD Graphics 630 / AMD Radeon Pro 560 4GB\r\n- Lưu trữ: 512GB SSD\r\n- Hệ điều hành: macOS\r\n- Pin: Pin liền , khối lượng: 1.8 kg', 4, 1, NULL),
-- (53, 'Laptop APPLE MacBook Pro 2017 15\" MPTR2', 1, 2, 59990000, 1000500, NULL, NULL, '2020-01-02 11:30:00', '2020-01-18 11:30:00', 'ên sản phẩm: Máy tính xách tay/ Laptop MacBook Pro 2017 15\" MPTR2 (Xám)\r\n\r\n- CPU:  core i9\r\n- Màn hình: 15\" , không cảm ứng\r\n- RAM: 16GB\r\n- Lưu trữ: 256GB\r\n- Hệ điều hành: MacOS\r\n- Pin: 8000mAh', 4, 1, NULL),
-- (54, 'Laptop MSI Prestige P65 Creator 8RF-488VN', 1, 2, 58990000, 2999000, 93888000, NULL, '2020-01-01 16:00:00', '2020-01-30 16:00:00', 'Tên sản phẩm: Máy tính xách tay/ Laptop MSI P65 8RF-488VN (i7-8750H) (Trắng)\r\n\r\n- CPU: Intel Core i7-8750H ( 2.2 GHz - 4.1 GHz / 9MB / 6 nhân, 12 luồng )\r\n- Màn hình: 15.6\" IPS ( 1920 x 1080 ) , không cảm ứng\r\n- RAM: 2 x 8GB DDR4 2666MHz\r\n- Đồ họa: Intel UHD Graphics 630 / NVIDIA GeForce GTX 1070 8GB GDDR5\r\n- Lưu trữ: 512GB SSD M.2 NVMe\r\n- Hệ điều hành: Windows 10 Home SL 64-bit\r\n- Pin: 4 cell 82 Wh Pin liền , khối lượng: 1.9 kg ', 4, 1, NULL),
-- (55, 'Laptop HP ZBook 15 G6 (6CJ09AV)', 1, 2, 52990000, 799000, NULL, NULL, '2020-01-01 15:00:00', '2020-01-08 15:00:00', 'Tên sản phẩm: Máy tính xách tay/ Laptop HP ZBook 15 G6-6CJ09AV (i7-9850H) (Bạc)\r\n\r\n- CPU: Intel Core i7-9850H (2.6 GHz - 4.6 GHz/12MB/6 nhân, 12 luồng)\r\n- Màn hình: 15.6\" (1920 x 1080), không cảm ứng\r\n- RAM: 1 x 16GB DDR4 2666MHz (4 Khe cắm, Hỗ trợ tối đa 128GB)\r\n- Đồ họa: NVIDIA Quadro T2000 4GB GDDR5 / Intel UHD Graphics 630\r\n- Lưu trữ: 256GB SSD M.2 NVMe /\r\n- Hệ điều hành: Free DOS\r\n- Pin: 4 cell 56 Wh Pin liền, Khối lượng: 2.6 kg', 4, 1, NULL),
-- (66, 'MOTHER-OF-PEARL DOLCE BOX BAG', 2, 3, 122475000, 99000000, 212000000, NULL, '2020-01-02 13:30:00', '2020-01-30 13:30:00', 'An icon of the brand, the Dolce Box is embodied with craftsmanship, love and attention to detail. Delicate and romantic, it is made of mother-of-pearl PVC with laminated calfskin details and rounded studs on top\r\n• Closure with light galvanic gold padlock and enamelled flower\r\n• On top handle and removable laminated calfskin strap with attachments in vintage galvanic brass\r\n• Lining in calfskin and internal pocket with hidden magnetic closure\r\n• Metal bag feet on base\r\n• Item comes with special packaging\r\n• Measurement: 19 x 14.5 x 7 cm - 7.5 x 5.7 x 2.8 inches\r\n• Made in Italy', 13, 1, NULL),
-- (67, 'SICILY BOX BAG IN MOTHER-OF-PEARL SINT GLASS', 2, 3, 110860000, 7800000, NULL, NULL, '2020-01-02 17:00:00', '2020-01-15 17:00:00', 'Sicily Box clutch in mother-of-pearl-effect sint glass. Inspired by the intense color palette of precious stones, this original take on the brand’s signature bag perfectly reproduces the depth of vivid color seen on other-of-pearl. It is designed to be worn like a precious jewel to enhance the femininity and sensuality of every woman:\r\n• Top press-stud fastening\r\n• Branded plate featuring two metal plating finishes on the front\r\n• Detachable crossbody chain\r\n• Nappa leather lining\r\n• Metal feet studs on the base\r\n• Item comes with special packaging\r\n• Measurements: 20.8 x 15.5 x 6.6 cm - 8.2 x 6.1 x 2.6 inches\r\n• Made in Italy', 13, 1, NULL),
-- (68, 'SMALL CALFSKIN SICILY 58 BAG', 2, 3, 57960000, 1230000, 80000000, NULL, '2020-01-02 15:00:00', '2020-01-17 15:00:00', 'Small Sicily 58 bag from the 58-62 line. It takes its inspiration from the date of births of Domenico Dolce and Stefano Gabbana, born in 1958 and 1962 respectively. The designers have reinterpreted the brand’s iconic style, updated its construction and used superior quality leathers for their sophisticated and discerning customers. Elegant and structured, it features exclusive finishes and comes with various compartments to offer the optimal organization of space. It has detachable top handles so they can be changed or customized with different colors and materials:\r\n• Front flap with hidden magnetic press-stud fastening\r\n• Laser-etched enameled metal plate with logo on the front\r\n• Top handles and adjustable, detachable shoulder strap in calfskin\r\n• Flat front pocket\r\n• Outer rear compartment with flap featuring the debossed logo\r\n• Accordion sides with straps featuring press-stud fastenings\r\n• Nappa leather lining\r\n• Metal feet studs on the base\r\n• Item comes with a branded dust bag\r\n• Measurements: 25 x 21 x 13 cm - 9.8 x 8.3 x 5.1 inches\r\n• Made in Italy', 13, 1, NULL),
-- (69, 'SMALL CALFSKIN SICILY SOFT BAG', 2, 3, 48990000, 2100000, 73600000, NULL, '2020-01-01 19:00:00', '2020-01-11 19:00:00', 'Small Sicily Soft bag in tumbled calfskin. The update of the iconic Sicily Soft bag, it features a soft, ribbed construction with panels that turn on the base of the bag. The distinctively soft leather is achieved via the tumbling process. The new lettering logo on the front completes the style:\r\n• Front flap with concealed press-stud fastening and light gold-plated logo\r\n• Top handle and adjustable, detachable shoulder strap in calfskin\r\n• Accordion sides with concealed magnets\r\n• Suede lining featuring an inner pocket with zipper and branded slider\r\n• Metal feet studs on the base\r\n• Item comes with a branded dust bag\r\n• Measurements: 27 x 20.5 x 10.5 cm - 10.6 x 8.1 x 4.1 inches\r\n• Made in Italy', 13, 1, NULL),
-- (70, 'MEDIUM SICILY BAG IN INTAGLIO NAPPA LEATHER', 2, 3, 64285000, 32100000, NULL, NULL, '2020-01-01 20:00:00', '2020-01-10 20:00:00', 'The Sicily bag is a timeless accessory which pays tribute to the beauty of Sicily, a source of inspiration for Dolce&Gabbana.\r\n\r\nMedium handbag from the Sicily line in laser-engraved nappa leather inspired by the embroideries on traditional Sicilian trousseau linens:\r\n• Front flap with concealed snap button closure\r\n• Two-tone galvanized logo plate on back\r\n• Top handle and adjustable, detachable nappa leather shoulder strap\r\n• Fabric lining\r\n• Internal pocket with logo on zipper and smartphone pocket\r\n• Internal branded compact mirror pocket\r\n• Metal feet studs at the bottom\r\n• Item comes with matching branded Dust Bag\r\n• Dimensions: 26 x 21 x 12 cm – 10.2 x 8.3 x 4.7 inches\r\n• Made in Italy', 13, 1, NULL),
-- (56, 'GG Marmont mini top handle bag', 2, 3, 53000000, 1200000, NULL, NULL, '2020-01-01 22:00:00', '2020-01-11 22:00:00', 'The mini GG Marmont top handle bag has a softly structured shape and an oversized flap closure with Double G hardware. Equipped with a leather top handle and chain shoulder strap, made in matelassé chevron leather with a heart on the back.\r\n\r\nWhite matelassé chevron leather with heart on the back\r\nAntique gold-toned hardware\r\nMicrofiber lining with a suede-like finish\r\nDouble G\r\nInterior open pocket\r\nLeather handle with 2.5\" drop\r\nDetachable chain strap with leather detail with 21.5\" drop\r\n8\"W x 6\"H x 3\"D\r\nMade in Italy\r\nThe model is 5\'7\" tall', 13, 1, NULL),
-- (57, 'Ophidia GG mini shoulder bag', 2, 3, 72450000, 10650000, 156000000, NULL, '2020-01-02 22:00:00', '2020-01-14 22:00:00', 'In a silhouette inspired by the line of basketball shaped mini shoulder bags, the Ophidia mini shoulder mixes the collection\'s distinctive details with the athletic reference. The spherical construction is crafted from GG Supreme canvas, completed with the House Web stripe and Double G hardware. The zippered sphere is completed with double leather handles and a removable shoulder strap.\r\n\r\nBeige/ebony GG Supreme canvas, a material with low environmental impact, with brown leather trim\r\nGreen and red Web\r\nAntique gold-toned hardware\r\nDouble G\r\nDouble leather handles with 3.2\" drop\r\nDetachable and adjustable leather shoulder strap with 23.2\" drop\r\nZipper closure\r\nCan also be worn as a crossbody and top handle bag\r\n6.3\"W x 6.3\"H x 6.3\"D\r\nCotton linen lining\r\nMade in Italy\r\nThe model is 5\'8\" tall', 13, 1, NULL),
-- (58, 'Ophidia GG mini shoulder bag', 2, 3, 56300000, 4500000, NULL, NULL, '2020-01-02 16:45:00', '2020-01-08 16:45:00', 'The world of Ophidia continues to evolve with the introduction of new shapes for Cruise 2020, including the mini shoulder bag in GG Supreme canvas. Trimmed with the green and red Web stripe, the style is completed a gold-toned Double G distinctive of the line. A leather top handle and chain shoulder strap lend a multifunctional element to the shape.\r\n\r\nBeige/ebony GG Supreme, a material with low environmental impact, and brown leather trim\r\nGreen and red Web\r\nGold-toned hardware\r\nMicrofiber lining with a suede-like finish\r\nDouble G\r\nInterior open pocket\r\nLeather top handle with 1.6\" drop\r\nAdjustable chain and leather shoulder strap with 24.4\" drop\r\nZipper closure\r\nMini size: 7.3\" W x 5.9\"H x 3\"D\r\nMade in Italy\r\nThe model is 5\'7\" tall', 13, 1, NULL),
-- (59, 'Sylvie 1969 patent leather mini top handle bag', 2, 3, 68350000, 7600000, 123000000, NULL, '2019-12-30 18:00:00', '2020-01-04 18:00:00', 'Imbued with a ladylike feel, the signature Gucci shape from the \'60s and \'70s is brought back from the archives in a modern mini iteration crafted from shiny red patent leather. The Sylvie 1969 mini is true to the archival design, with the gold-toned metal chain narrowed to a sophisticated accent that runs down the front of the bag. The top handle shape comes with a detachable gold-toned Marina chain shoulder strap.\r\n\r\nRed patent leather\r\nShiny gold-toned hardware\r\nMetal chain and buckle closure\r\nProtective metal feet at the bottom\r\nInterior open pocket\r\nTop handle with 3.5\" drop\r\nDetachable Marina chain strap with 21.7\" drop\r\nMini size: 8\"W x 6\"H x 2.4\"D\r\nLeather lining\r\nMade in Italy\r\nThe model is 5\'8\" tall', 13, 1, NULL),
-- (60, 'Sylvie 1969 Plexiglas mini top handle bag', 2, 3, 74600000, 3000000, NULL, NULL, '2019-12-26 22:00:00', '2020-01-10 22:00:00', 'Crafted from ivory Plexiglas, the signature Sylvie bag transforms into a pop accessory, complementing tailored looks, tweed ensembles or streetwear inspired outfits. Imbued with a ladylike feel, the Sylvie 1969 mini is true to the archival design, with the gold-toned metal chain narrowed to a sophisticated accent, and made contemporary through a series of shiny materials and vivid colors.\r\n\r\nIvory Plexiglas\r\nShiny gold-toned hardware\r\nMetal chain and buckle closure\r\nProtective metal feet at the bottom\r\nInterior open pocket\r\nTop handle with 3.1\" drop\r\nDetachable Marina chain strap with 22\" drop\r\nFlap closure\r\nMini size: 7.9\"W x 6.1\"H x 2.2\"D\r\nLeather lining\r\nMade in Italy\r\nThe model is 5\'8\" tall', 13, 1, NULL),
-- (61, 'NÉONOÉ', 2, 3, 37950000, 1500000, 60000000, NULL, '2019-12-23 19:00:00', '2020-01-05 19:00:00', 'Designed in 1932 to transport bottles of Champagne, the Noé returns for Spring 17 as the Néonoé, an on-trend bucket bag in supple Monogram canvas with colorful calf-leather accents and an adjustable strap that lengthens for a modern, cross-body carry.\r\nDetailed Features\r\n10.24 x 10.24 x 6.89 inches\r\n(Length x Height x Width)\r\nMonogram coated canvas\r\nColorful calf-leather trim\r\nColorful bonded microfiber lining\r\nGold-color metal hardware\r\nDrawstring closure\r\nAdjustable long strap with press studs\r\nInside zipped pocket\r\nMade in the USA, France or Spain', 13, 1, NULL),
-- (62, 'SPEEDY BANDOULIÈRE 25', 2, 3, 34270000, 900000, 52300000, NULL, '2019-12-31 06:00:00', '2020-01-07 06:00:00', 'The Speedy Bandoulière 25 in signature Monogram canvas is an ideal city bag for every day. Originally created for travelers in the 1930s – the name refers to the era’s rapid transit – every feature of the Speedy’s design is iconic, from its unmistakable shape to the rolled leather handles, engraved padlock and detachable strap.\r\nDetailed Features\r\nL 9.8 x H 7.4 x W 5.9 inches\r\nMonogram coated canvas\r\nSmooth cowhide-leather trim\r\nTextile lining\r\nGold-color hardware\r\n2 handles for hand or elbow carry\r\nRemovable, adjustable leather strap (drop: min. 49 cm/ 19.3 inches, max. 52 cm/20.5 inches) for shoulder or cross-body carry Double buckle for more flexibility\r\nDouble zip\r\nPadlock\r\nInside flat pocket', 13, 1, NULL),
-- (63, 'ALMA BB', 2, 3, 30360000, 2700000, 68000000, NULL, '2019-12-31 08:00:00', '2020-01-06 08:00:00', 'The charming Alma BB traces its pedigree to the original Art Deco icon, introduced in 1934. This miniature version in Damier Ebène canvas easily holds keys, wallet, smartphone and lipstick. With a strap that adjusts the bag to waist or hip height, the Alma BB can be worn across the body for hands-free ease.\r\nDetailed Features\r\n9.25 x 6.89 x 4.53 inches\r\n(Length x Height x Width)\r\n9.8 x 7.6 x 4.7 inches\r\nRemovable leather strap\r\nSmooth leather trim\r\nKey tag\r\nDouble zip opening\r\nShiny golden color metallic pieces including padlock\r\nSari Bordeaux lining\r\nOne interior flat pocket\r\nProtective bottom studs', 13, 1, NULL),
-- (64, 'LOCKME DAY', 2, 3, 73600000, 4900000, NULL, NULL, '2019-12-27 13:00:00', '2020-01-10 13:00:00', 'The Lockme Day tote bag in grained calf leather offers the perfect combination of elegance and practicality for every day. Its simple lines are enhanced with feminine details, such as the LV Turn Lock and keybell, while its structured shape contains ample space for belongings. Its four carry options make it ideal when on the go.\r\nDetailed Features\r\n12.20 x 9.45 x 6.30 inches\r\n(Length x Height x Width)\r\nL 12.2 x H 9.4 x W 6.3 inches\r\nBlack\r\nGrained calf leather\r\nCalf-leather trim\r\nMicrofiber lining\r\nSilver-color hardware\r\n2 handles for hand or elbow carry\r\nRemovable strap (drop: 51 cm/20 inches) for shoulder or cross-body carry\r\nLV Turn Lock\r\n2 inside smartphone pockets\r\nInside secured flat pocket\r\nInside zipped pocket\r\nKeybell', 13, 1, NULL),
-- (65, 'SOUFFLOT BB', 2, 3, 51520000, 2340000, 70000000, NULL, '2019-12-23 18:00:00', '2020-01-09 18:00:00', 'The adorably sized Soufflot BB is made from Monogram canvas and features classic House details such as the two smooth-leather bands on the side, gold-color rivets, and the iconic leather nametag. It can be carried by hand with its top handles or on the shoulder and cross-body thanks to its removable and adjustable shoulder strap.\r\nDetailed Features\r\n11.42 x 7.48 x 3.94 inches\r\n(Length x Height x Width)\r\nL 11. 4 x H 7.5 x W 4 inches\r\nMonogram coated canvas\r\nSmooth cowhide-leather trim\r\nMicrofiber lining\r\nGold-color hardware\r\n2 smooth cowhide-leather handles for hand or elbow carry\r\nAdjustable strap (drop: min. 46 cm/18.1 inches, max. 53 cm/20.9 inches) for shoulder or cross-body carry\r\nCowhide-leather nametag\r\n3 separated compartments\r\nFlat inside pocket\r\nMade in the USA, France or Spain', 13, 1, NULL),
-- (71, 'SUZUKI GD110 2020 màu Đen Mờ', 3, 4, 23990000, 200000, 30000000, NULL, '2020-01-01 18:50:00', '2020-01-11 18:50:00', 'Xe GD110 2020 | Giá xe GD110 | Giá xe Suzuki GD110 2020 | Giá Suzuki GD110 mới nhất hôm nay 2020\r\n\r\nSuzuki GD110  là một chiếc backbone hoài cổ, với thiết kế cổ điển, bình xăng ở phía trước kẹp giữa 2 chân, yên xe có chiều cao ngang với bình xăng, cùng tay lái cao và rộng đáp ứng nhu cầu tầng lớp trung niên yêu thích xe côn tay cổ điển, gợi cho chúng ta nhớ đến mẫu backbone huyền thoại một thời là Honda Win 100. Suzuki GD110 đáp ứng mọi nhu cầu di chuyển trong thành thị một cách hiệu quả và thân thiện với môi trường nhờ những cải tiến vượt trội bên trong ống xả. GD110 có mức giá đề xuất 28,49 triệu được bán ra tại thị trường Việt Nam.\r\n\r\nSuzuki GD110 với thiết kế hiệu suất cao mang lại cho người sử dụng nhiều lợi ích kinh tế lâu dài. Xe GD110 với kích thước dài rộng cao của chiếc backbone 110 cc này lần lượt là 1.905 x 745 x 1.065 mm. Suzuki GD110 có chiều dài cơ sở 1.215 mm, trọng lượng 110 kg và khoảng sáng gầm xe 140 mm, chiều cao yên là 766 mm. Đuôi Suzuki GD110 trang bị baga sau nhỏ gọn với tải trọng 3 kg giúp tăng không gian chứa đồ thích hợp với những chuyến hành trình phượt. Đèn sau halogen phổ thông và đèn xi nhan rời.Mặt đồng hồ Suzuki GD110 và đèn được thiết kế trực quan, vô cùng tiện lợi.GD110 2020 thừa hưởng chất lượng từ các dòng xe Suzuki nổi tiếng trước đây, nên rất bền bỉ và đáng tin cậy. Các bộ phận dễ dàng bảo trì bao gồm hệ thống phanh tang trống có khả năng kháng nước và chống bám bụi, bùn đất, lọc dầu dạng cassette và bộ lốp có săm kích cỡ 17 inch dễ dàng sửa chữa và thay thế. Ống xả thiết kế tinh tế, hiện đại giúp giảm tối đa lượng khí thải ra môi trường. Phuộc sau điều chỉnh 5 cấp độ phù hợp chở nặng.', 14, 1, NULL),
-- (72, 'HONDA Vario 150 2020 màu Đen Nhám', 3, 4, 54800000, 2300000, NULL, NULL, '2020-01-01 14:00:00', '2020-01-15 14:00:00', 'Mẫu xe tay ga Honda Vario 2020 thế hệ mới nhất vừa được Astra Honda Motor (AHM) ra mắt tại thị trường Indonesia, đây được coi là phiên bản thay thế cho mẫu xe đình đám Vario 150 bản cũ với thiết kế được thay đổi đáng trông thể thao hơn đi kèm hàng loạt các trang bị công nghệ hiện đại mang hơi hướng tương lai. Ở thế hệ 2020, mẫu xe tay ga mới của Honda vẫn có 2 phiên bản động cơ là Vario 125 2020 và Vario 150 2020.', 14, 1, NULL),
-- (73, 'HONDA AIR BLADE 150', 3, 4, 55190000, 2000000, 70000000, NULL, '2020-01-01 04:00:00', '2020-01-17 04:00:00', 'Air Blade 150 2020 | Giá xe Air Blade 150 | Honda AirBlade 150 ABS 2020 | Giá xe Air Blade 150 ABS mới nhất hôm nay 2020\r\n\r\nTrong những ngày gần đây, cái tên “Air Blade 150 2020” đã được rất nhiều người tiêu dùng nhắc đến cũng như tìm kiếm quan tâm Air Blade 150 khi nào ra mắt. Hôm nay ngày 15/12, Cty Honda Việt Nam (HVN) đã chính thức ra giới thiệu đến khách phiên bản Air Blade 2020 với 2 phiên bản động cơ 150cc và 125cc. Honda Air Blade mới 2020 đã lột xác với diện mạo hoàn toàn mới, nâng cấp động cơ 150cc mạnh mẽ & trang bị hệ thống chống bó cứng phanh (ABS) cho phiên bản Air Blade 150.', 14, 1, NULL),
-- (74, 'HONDA SH 150i 2020', 3, 4, 95990000, 300000, 140000000, NULL, '2020-01-01 13:00:00', '2020-01-13 13:00:00', 'Như vậy chỉ sau vài tiếng lộ diện tại triển lãm EICMA Ý thì Honda Việt Nam đã chính thức giới thiệu mẫu xe tay ga Honda SH 2020 phiên bản mới tại Việt Nam hứa hẹn sẽ mang lại \"làn gió\" mới cho thị trường xe tay ga dịp cuối năm.. Honda SH mới nhất 2020 được coi là phiên bản thay thế hoàn toàn cho dòng xe SH phiên bản trước đó với những sự thay đổi mạnh mẽ cả về thiết kế bên ngoài lẫn nhưng tinh chỉnh công nghệ bên trong giúp đem lại làn gió mới cho người dùng yêu thích mẫu xe ga này.Đúng như những tin đồn trước Honda SH thế hệ mới 2020 đã được hãng Honda Việt Nam cho ra mắt phiên bản nâng cấp để làm mới và duy trì sức hút. Theo như công bố Honda SH 125i/150i 2020 sẽ được chính thức bán ra thị trường vào ngày 24 tháng 11 năm 2019 thông qua các cửa hàng Bán xe và Dịch vụ do Honda Ủy nhiệm (HEAD) trên toàn quốc với thời gian bảo hành 3 năm hoặc 30.000 km (tùy theo điều kiện nào đến trước) với 4 màu sắc Đen - Trắng Đen - Xám Đen - Đỏ Đen.\r\n\r\nThiết kế SH đời 2020 như thế nào có sự thay đổi gì táo bạo hay không? Honda SH 2020 mới có những công nghệ gì? Giá xe SH 150i 2020 và SH 125i 2020 mới dự đoán sẽ có giá bao nhiêu khi bán ra? chắc hẵn là những gì bạn rất muốn tìm hiểu trong thời điểm hiện nay.', 14, 1, NULL),
-- (75, 'HONDA SH MODE 2020', 3, 4, 51690000, 2000000, NULL, NULL, '2020-01-02 16:30:00', '2020-01-23 16:30:00', 'Nhằm khẳng định phong cách cũng như nâng cao trải nghiệm và sự tự hào của chủ sở hữu, mới đây Honda Việt Nam đã chính thức ra mắt SH Mode 2020 phiên bản mới với việc trang bị thêm hệ thống chống bó cứng phanh ABS cho bánh trước, đồng thời bổ sung thêm hai màu mới là Trắng ngà và Xanh lam.\r\n\r\nGiá bán Honda SH Mode 2020 phiên bản cá tính ABS gồm 2 màu Đỏ đen, Bạc đen với giá đề xuất mới là 57 triệu đồng và phiên bản thời trang CBS gồm 4 màu Xanh Nâu, Trắng Nâu, Đỏ đậm, Trắng Ngà với giá đề xuất là 51,69 triệu đồng. Honda SH Mode 125cc ABS phiên bản mới 2020 sẽ được chính thức bán ra thị trường Việt Nam.Honda SH Mode 2020 với thiết kế sang trọng và nổi bật\r\nSH Mode ABS 2020 hướng đến sự sang trọng mang phong cách châu Âu với vẻ ngoài thanh lịch đầy quyến rũ và 2 sắc màu sành điệu hoàn toàn mới: Trắng ngà và Xanh lam cho các bạn thêm lựa chọn để thể hiện cá tính riêng của mình, giúp nâng tầng phong cách, khẳng định biểu tượng đẳng cấp của dòng xe ga cao cấp tại Việt Nam.\r\n\r\nSH Mode 125 mới 2020 có kích thước 1.930mm dài, 669mm rộng, 1.105mm cao và chiều dài cơ sở 1.304mm cùng khoảng sáng gầm xe 146mm, chiều cao yên xe 765mm, trọng lượng 118kg, dung tích bình xăng 5,5 lít. Phía trước xe vẫn duy trì thiết kế phía trước hình chữ V sắc nét cùng điểm nhấn logo hình thoi đặt ở vị trí trung tâm của mặt nạ trước.Thân xe được kết hợp từ những đường cong cùng logo SH Mode với những đường nét tinh xảo tạo nên vẻ đẹp tinh tế cho xe. Phần yên xe được làm dài và rộng mang lại tư thế ngồi thoải mái cho cả người lái và người ngồi sau. Thiết kế đuôi xe SH Mode ABS 2020 thời trang với cụm đèn sau thon gọn, cho khả năng hiển thị cao cùng lớp trang trí mạ chrome cao cấp mang đến vẻ sang trọng cho chiếc xe khi nhìn từ phía sau. Logo SH MODE mới phía cuối yên xe tạo điểm nhấn cao cấp khác biệt và vô cùng thu hút.', 14, 1, NULL),
-- (76, 'HONDA VISION 2020', 3, 4, 31990000, 900000, 55000000, NULL, '2020-01-02 16:16:16', '2020-01-24 16:16:16', 'Mới đây Honda Việt Nam đã chính thức ra mắt Honda Vision 2020 phiên bản mới với trang bị hệ thống khoá thông minh Honda Smartkey, mặt đồng hồ mới với thiết kế tối ưu hơn, logo Vision mới ở cuối đuôi xe và bổ sung thêm một số màu sắc mới. Honda Vision Smartkey 2020 với 3 phiên bản: tiêu chuẩn, cao cấp và đặc biệt, cùng với giá xe Vision 2020 tăng nhẹ tùy theo phiên bản.\r\n\r\nVới lần nâng cấp này, một lần nữa chúng ta được thấy Honda đang rất quan tâm đến thị trường xe tay ga mà nhất là đối tượng khách hàng là nữ, với sự ra mắt ồ ạt các dòng xe cạnh tranh các hãng đối thủ thì mẫu xe tay ga Vision 2020 Smartkey sẽ mang đến cho quý khách hàng có thêm sự lựa chọn trong phân khúc xe tay ga giá rẻ tại thị trường Việt Nam hiện nay.Thiết kế Vision 2020 Smartkey với kiểu dáng tinh tế cùng màu mới trẻ trung \r\nHonda Vision 2020 vẫn hướng đến thiết kế tinh tế và thân thiện, trung thành với kiểu dáng của một chiếc xe tay ga tiêu chuẩn. Thiết kế phía trước xe tinh tế với những đường khối ba chiều sắc nét kết hợp cùng cụm đèn pha và đèn xi-nhan có thấu kính trong suốt cho khả năng chiếu sáng mạnh, mang lại vẻ ngoài trẻ trung và năng động. Trong khi đó, thiết kế phía sau gọn gàng với cụm đèn sau & đèn xi nhan được thiết kế liền khối tạo cảm giác thanh thoát cho xe.\r\n\r\nXe tay ga Vision mới 2020 với cấu trúc đường ống khung được điều chỉnh để giảm bớt trọng lượng xe, góp phần nâng cao khả năng tiết kiệm nhiên liệu cũng như khả năng vận hành và điều khiển của xe. Độ cao yên xe và sàn để chân rộng mang lại tư thế thoải mái, đặc biệt là cho phái nữ khi dừng xe hoặc lái xe.\r\n\r\n', 14, 1, NULL),
-- (77, 'YAMAHA EXCITER 2020', 3, 4, 46990000, 2300000, NULL, NULL, '2020-01-02 14:00:00', '2020-01-12 14:00:00', 'Vừa qua Exciter 150 phiên bản mới 2020 đã được Yamaha Việt Nam ra mắt với tên gọi Exciter 150 phiên bản Doxou hoàn toàn mới. Exciter 2020 được hãng xe máy Yamaha bổ sung nâng cấp khá nhiều tính năng mới và trang bị nhằm đem đến trải nghiệm tốt hơn cho người tiêu dùng. Xe côn tay Yamaha Exciter 2020 mới với các phiên bản RC, GP với giá bán lần lượt 47 và 47,5 triệu đồng ; phiên bản kỷ niệm 20 năm và Doxou có giá bán 48 triệu đồng, Exciter 150 Monster Energy có giá 49 triệu đồng, phiên bản giới hạn có giá 48 triệu đồng.Thiết kế Exciter 2020 mới ấn tượng\r\nExciter 2020 mới có thiết kế tổng thể có các kích thước dài x rộng x cao là 1.985 x 670 x 1.100 mm (dài hơn phiên bản cũ 15 mm và cao hơn 20 mm). Ngoài ra khoảng sáng gầm cũng tăng thêm 20 mm lên thành 155 mm,chiều cao yên cũng được tăng lên thành 795 mm (tăng 15 mm), trọng lượng của xe tăng thêm 2 kg so với thế hệ trước là 117 kg.Đèn pha LED mới trên Exciter 150 mới 2020\r\nĐiểm cải tiến trên Exciter 150 mới 2020 nhằm theo đuổi xu hướng của những chiếc xe sport bike phân khối lớn: từ bộ đèn pha LED, màn hình kỹ thuật số LCD, cho đến nút đèn pha xin vượt, đèn bật tắt động cơ, bánh xe lớn thể thao. Cụm đèn pha sử dụng công nghệ LED có tạo hình vô cùng ấn tượng, gồm 3 choá đèn nhỏ ở bên trong với 2 bóng LED 2 bên ở chế độ Cos và 1 bóng LED trung tâm đảm nhiệm chế độ Pha. Bộ đèn hậu - đèn xi nhan trên Yamaha Exciter 2020 cũng được sử dụng công nghệ LED.', 14, 1, NULL);
-- INSERT INTO `products` (`pro_ID`, `pro_Name`, `CatID`, `sub_catID`, `price`, `step`, `buy_now`, `rate`, `post_date`, `exp`, `info`, `use_sellerID`, `accept`, `notification`) VALUES
-- (78, 'YAMAHA FREEGO 2020', 3, 4, 32990000, 800000, 40000000, NULL, '2020-01-01 09:00:00', '2020-01-10 09:00:00', 'Mẫu xe tay ga Yamaha FreeGo 2020 với thông điệp “Thỏa chí tung hoành” chính thức được giới thiệu đã ngay lập tức thu hút được rất nhiều sự chú ý của người dùng. Freego 125 ABS 2020 kế thừa nét thiết kế độc đáo mang đậm dấu ấn DNA của những mẫu xe tay ga cao cấp kết hợp hài hòa giữa tính thực tế và sự thoải mái trong quá trình sử dụng. Xe ga FreeGo 125 mới hướng đến đối tượng người dùng trẻ, năng động, yêu thích thể thao và chinh phục thử thách.Vừa qua tại Indonesia, Yamaha FreeGo mới 2020 chính thức được ra mắt công chúng mẫu xe này mới xuất hiện ở thị trường Thái Lan. Tân binh Freego 125 mới nhất 2020 được coi là lợi thế hơn hẳn đối thủ trong cùng phân khác cả về giá bán và tính năng nhờ những trang bị tiện nghi và an toàn như: phanh trước ABS, cổng sạc điện thoại 12V, màn hình điện tử...\r\n\r\nTại thị trường Indo, giá xe Yamaha FreeGo 2020 được bán với mức giá là 18.500.000Rp đến 22.500.000Rp ( tương đương 28,3 triệu đồng đến 34,4 triệu đồng ) cho 3 phiên bản tùy chọn. Tại thị trường Việt Nam, giá xe FreeGo 2020 mới nhất tại đại lý theo như hãng Yamaha công bố hiện đang được bán với mức giá 32.990.000 VNĐ và 38.990.000 VNĐ ( Đã VAT, chưa tính các khoản thuế phí khác ) cho 2 bản tiêu chuẩn và bản FreeGo S. Mẫu xe mới ra mắt FreeGo đời 2020 sẽ được phân phối chính thức thông qua các của hàng bán xe do Yamaha ủy nhiệm với tổng cộng 6 màu sắc khác nhau cụ thể:- Yamaha FreeGo125 bản tiêu chuẩn: Đỏ, Trắng, Xanh Dương\r\n\r\n- Yamaha FreeGo S bản đặc biệt: Đen Nhám, Xám Nhám, Xanh Nhám\r\n\r\nTại Việt Nam, Yamaha FreeGo mới nhất 2020 được coi là sẽ cạnh tranh trực tiếp với mẫu xe tay ga Honad AirBlade khi có rất nhiều lới thế kể cả về giá bán lẫn tính năng tính tới thời điểm hiện nay. FreeGo 2020 mới nhất hướng đến nhóm đối tượng người dùng trẻ, năng động kể cả nữ giới và nam giới. Hãy cùng Giaxe.2banh.vn tìm hiểu chi tiết mẫu xe này nhé !!!\r\n\r\nYamaha FreeGo 2020 trang bị Động cơ Blue Core thế hệ mới\r\nLà mẫu xe tay ga thế hệ mới nhất của Yamaha nên FreeGo 125 đời 2020 sở hữu khối động cơ Blue Core 125cc, Piston và xy-lanh nhôm đúc (Piston & Diasil Cylinder), 4 thì, 2 van làm mát bằng không khí cung cấp công suất tối đa 9,5 mã lực tại 8.000 vòng/phút và mô-men xoắn cực đại 9,5 Nm tại 5.500 vòng/phút giúp xe vận hành êm ái, bền bỉ. bền bỉ, êm ái và tiết kiệm nhiên liệu.', 14, 1, NULL),
-- (79, 'YAMAHA GRANDE HYBRID 2020', 3, 4, 45500000, 990000, NULL, NULL, '2020-01-01 14:50:00', '2020-01-15 14:50:00', 'Được bán tại thị trường Thái Lan với tên gọi Grande Hybrid 2020, mới vừa qua mẫu xe máy Grande phiên bản mới 2020 sử dụng công nghệ trợ lực điện HYBRID đã chính thức được giới thiệu tới người tiêu dùng thị trường Việt Nam. Với thông điệp“Lướt đi kiêu hãnh”, Yamaha Grande 125 mới 2020 với những nâng cấp thay đổi cả bên trong lẫn bên ngoài hứa hẹn sẽ tiếp tục trở thành mẫu xe tay ga đáng mua nhất 2020 – Người bạn đồng hành đáng tin cậy trên mọi nẻo đường.Yamaha Grande 2020 phiên bản Hybrid được giới thiệu và bán chính hãng lần đầu tiên tại thị trường Thái Lan với những thay đổi toàn diện như động cơ Blue core tích hợp hệ thống Hybrid, đèn LED, đồng hồ điện tử LCD màu hay hệ thống chống bó cứng phanh ABS, khóa thông minh SMARTKEY áp dụng cho Grande thế hệ mới 2020 phiên bản đặc biệt (Premium). \r\n\r\nTại thị trường Việt Nam, Yamaha Grand 125 mới nhất 2020 được định hình là dòng xe tay ga cao cấp sang trọng mang phong cách Châu Âu kể từ khi được ra mắt lần đầu vào năm 2014 hướng đến đối tượng khách hàng tầng lớp phụ nữ trẻ, yêu thích phong cách và thời trang. Giá xe Yamaha Grande 2020 mới nhất hôm nay theo như hãng Yamaha cho biết sẽ có 4 phiên bản : Tiêu chuẩn giá bán 45 triệu; Giới hạn và Kỷ niệm 20 năm được bán giá 50 triệu ; bản đặc biệt với giá bán 49,5 triệu đồng tại các đại lý Yamaha trên cả nước.Yamaha Grande phiên bản Hybrid 2020 kể từ khi xuất hiện cho tới khi chính thức được bán tại Việt Nam đã thu hút được rất nhiều sự quan tâm của người tiêu dùng với những thay đổi trên mẫu xe ga này. Hãy cùng Giaxe2banh.vn tìm hiểu chi tiết nhé !!!\r\n\r\nYamaha Grande 2020Hybrid – Động cơ thế hệ mới:\r\nỞ lần ra mắt mới nhất, xe tay ga Grande mới 2020 đã được hãng Yamaha tập trung nâng cấp mạnh mẽ bên trong khi trang bị khối động cơ Blue Core thế hệ mới sử dụng hệ thống làm mát bằng không khí, trọng lượng động cơ giảm 840 gram. Bên cạnh đó Grande phiên bản mới 2019 được trang bị hệ thống Smart Motor Generator (SMG) giúp quản lý 2 tính năng thông qua nút bấm trên cùm công tắc tạo nên một trải nghiệm lái hoàn hảo, tối ưu hoá tiện ích cho người lái:Khởi động với 1 nút nhấn (One-Push Start): giúp khởi động xe nhanh chóng, dễ dàng và không gây tiếng ồn cho trải nghiệm lái mượt mà và hoàn hảo.\r\nHệ thống ngắt động cơ tạm thời (Stop & Start System): có chức năng tự động ngắt động cơ khi dừng xe và tái khởi động khi tăng ga, với 2 chế độ thông thường và đường đông giúp tiết kiệm nhiên liệu hơn đến 7% trong điều kiện thử nghiệm của Yamaha.', 14, 1, NULL),
-- (80, 'SUZUKI SATRIA 2020', 3, 4, 68800000, 1100000, 80000000, NULL, '2020-01-02 13:08:00', '2020-01-12 13:08:00', 'Mẫu xe côn tay Suzuki Satria F150 phiên bản mới 2020 mang kiểu dáng Underbone vừa được ra mắt tại thị trường Indonesia với những thay đổi chủ yếu tập trung về ngoại hình bắt mắt hơn nhưng vẫn giữ nguyên những thông số kỹ thuật ở phiên bản trước. Satria 2020 ( Nhập khẩu nguyên chiếc ) hay còn gọi là Raider 150 Fi tại thị trường Việt Nam được coi là mẫu xe rất được giới trẻ đặc biệt là những Biker yêu thích và ưa chuộng so với các mẫu xe khác trong cùng phân khúc bởi thiết kế ngoại hình chuẩn khí động học, trọng lượng nhẹ, động cơ mạnh mẽ.Satria F150 Fi thế hệ mới 2020 được coi là phiên bản có thiết kế thay đổi hoàn toàn mới từ kiểu dáng thiết kế bên ngoài đầy đặn, mạnh mẽ hơn cùng khối động cơ bên trong để theo kịp xu hướng hiện đại nhằm đáp ứng cho thị trường năng động hiện nay. Suzuki Satria F150 2020 với những công nghệ như DOHC 4 Valve, Liquid Cooled, 6 Speed, Suzuki Advanced Twin-Spar Frame hướng đến đối tượng khách hàng là thanh niên trẻ năng động.\r\n\r\nTại thị trường xe máy Việt Nam, mẫu xe côn tay Satria F150 nhập khẩu Indo rất được ưa chuộng bởi đây là dòng xe nhập khẩu nguyên chiếc được cộng đồng chơi xe đánh giá rất tốt cả về độ bên cũng như chất lượng hoàn thiện. Giá xe Suzuki Satria 2020 nhập khẩu mới nhất hiện nay gồm 5 màu mới gồm: Xanh nhám, Trắng xanh, Đen mâm Đỏ, Đen mờ, Xanh GP', 14, 1, NULL),
-- (81, 'Xe Mô Tô Harley Davidson Street Bob - 2019', 3, 4, 579100000, 9000000, 690000000, NULL, '2020-01-02 14:59:00', '2020-01-12 14:59:00', 'Kiểu dáng Bobber truyền thống tối giản\r\nXe Mô Tô Harley-Davidson Street Bob nổi bật với tay lái cao, bánh căm, đồng hồ kỹ thuật số dấu kín và đuôi xe được cắt gọtKhung Softail hung sườn mới vẫn giữ nguyên những đường nét Softail kinh điển nhưng nhẹ hơn và vững chãi hơn, đồng nghĩa với cảm giác lái linh hoạt chưa từng có.Động cơ Milwaukee-Eight 107\r\nĐộng cơ Big-Twin mạnh mẽ và vận hành trơn tru với bướm ga linh hoạt và tiếng gầm rền vang rất đã tai.Đi kèm là cụm đồng hồ kỹ thuật số, khóa điện không chìa, cổng sạc USB và đèn LED phía trước đặc trưng.\r\n\r\nHệ thống phuộc nhún trước hiệu suất cao\r\nCông nghệ phuộc nhún tinh vi mang lại hiệu suất y như phuộc dạng ống lồng kiểu xe đua, giảm trọng lượng với khả năng giảm xóc tuyến tính.\r\n\r\nPhuộc đơn phía sau hiệu suất cao: Hệ thống phuộc nhún đơn phía sau dễ điều chỉnh giúp bạn vào cua chủ động mà xe vẫn giữ được phong cách hardtail.', 14, 1, NULL),
-- (82, 'Xe Mô Tô KTM 390 Duke 2018 - Trắng', 3, 4, 165000000, 17000000, 243000000, NULL, '2020-01-02 18:00:00', '2020-01-17 18:00:00', 'Thiết kế cực chất\r\nXe Mô Tô KTM 390 Duke mẫu xe tốt nhất dưới 400cc trong nhiều năm liền. Sở hữu khối động cơ mạnh nhất cùng với trọng lượng nhẹ nhất trong và hệ thống giảm chấn WP hàng hiệu giúp xe hoạt động tốt nhất trong cùng phân khúc.\r\n\r\nVẻ đẹp của xe có được ở hai bên thân là nhờ vào phần vỏ ốp bình xăng được thiết kế sắc sảo, góc cạnh và khỏe khoắn hơn. Trên phiên bản “đời cuối” này, chiếc xe vẫn có tem số 390 với kích thước lớn được dán hai bên bình xăng. \r\n\r\nHệ thống ABS 2 kênh trước sau\r\nĐược trang bị hệ thống phanh Bybre – thương hiệu con của hãng Brembo nổi tiếng. Dù không còn là mẫu xe duy nhất trong phân khúc có ABS, nhưng Duke 390 vẫn tự hào khi sử dụng heo phanh 4 piston bắt dọc theo phuộc, với độ ổn định tốt hơn so với heo bắt ngang như đa số các dòng xe khác.\r\n\r\nLà một chiếc naked bike cho người mới chơi PKL, KTM đã thiết kế Duke 390 với ghi-đông cao và rộng để đem tới tư thế lái thẳng lưng và thoải mái. Một chi tiết đặc biệt của chiếc xe đó là các ký hiệu trên cùm công tắc có đèn LED chiếu sáng từ bên trong, giúp người dùng dễ dàng nhận biết các nút chức năng trong đêm tối.\r\n\r\nBảng đồng hồ điện tử đơn sắc\r\nBảng đồng hồ của KTM Duke 390 hoàn toàn là một màn hình đơn sắc, cung cấp đầy đủ các thông tin về tình trạng hoạt động của xe, thậm chí còn có thể tính quãng đường đi được còn lại khi mức xăng sắp cạn. Tuy nhiên với đèn nền vàng và các chữ số khá nhỏ, màn hình này khá khó đọc dưới điều kiện ánh sáng mạnh. Thêm vào đó, đồng hồ báo tua cũng quá nhỏ và hẹp, được bố trí ở phần trên màn hình.\r\n\r\nĐộng cơ mạnh mẽ\r\nCung cấp sức mạnh cho Duke 390 vẫn là khối động cơ 1 xi-lanh 373 cc DOHC 4 van làm mát bằng chất lỏng, phun nhiên liệu điện tử Bosch, có công suất tối đa 43,5 mã lực và mô-men xoắn cực đại 35,3 Nm. So với các đời cũ, hệ thống côn xe đã được cải tiến với ly hợp chống trượt bánh khi dồn số gấp (slipper clutch).\r\n\r\nỐng xả của xe được đặt ở vị trí khá đặc biệt là bên dưới gầm xe, khiến Duke 390 vốn đã có kích thước gọn gàng lại càng có vẻ nhỏ nhắn hơn do không có ống xả treo bên thân xe. Do có động cơ 1 xi-lanh và phải dẫn khí thải đi qua bộ lọc cùng giảm âm nên âm thanh từ ống xả “zin” này sẽ không gây kích thích đối với những người yêu xe.', 14, 1, NULL),
-- (83, 'Xe Moto Honda CBR500R 2019', 3, 4, 186990000, 8990000, NULL, NULL, '2020-01-02 20:00:00', '2020-01-16 20:00:00', 'Thiết kế đậm chất thể thao\r\nHonda CBR500R 2019 thế hệ mới giờ đây đã được hãng xe Nhật Bản tinh chỉnh nhẳm bỏ đi kiểu dáng Sport City. CBR500R mới nhất 2019 được cải tiến toàn bộ về kiểu dáng với thiết kế sắc xảo và dứt khoát hơn, loại bỏ kiểu ngồi thẳng lưng giúp xe tiến tới gần hơn kiểu dáng thuần SportBike. Theo như đánh giá mẫu môtô CBR500R 2019 phù hợp cho cả người dùng mới lẫn những tay lái lâu năm bởi tính thực dụng về giá xe CBR500R mới cũng như khả năng vận hành đem lại sự phấn khích cao độ.Honda CBR500R giờ đây đã từ bỏ thiết kế cũ đễ trở thảnh dòng xe thuần Sportvới kích thước dài - rộng - cao lần lượt là 2.081 mm - 758 mm - 1.145mm, chiều dài cơ sở 1.410 mm, khoảng sáng gầm 130 mm, chiều cao yên 789 mm và trọng lượng ướt 192 kg. Nhờ kiểu dáng mới, CBR500R 2019 mới trông dữ dằn và thể thao hơn.\r\n\r\nCấu tạo chắc chắn\r\nTrên mẫu xe môtô CBR500R hãng Honda tinh tế khi vẫn giữ nguyên lại thiết kế khung sườn dạng kim cương đường kính khung 35 mm kết hợp với vị trị nối với động cơ nhằm giúp tối ưu khả năng ổn định và hấp thụ lực khi vận hành. Chỉ tinh chỉnh lại phần thiết kế bên ngoài CBR500 đời mới gọn nhẹ hơn.', 14, 1, NULL),
-- (84, 'Xe Mô Tô KTM RC 390 2018', 3, 4, 149000000, 8700000, NULL, NULL, '2020-01-01 23:55:00', '2020-01-24 23:55:00', 'Thiết kế thể thao, mạnh mẽ\r\nXe Mô Tô KTM RC 390 2018 thiết kế có dáng ngồi thuần Sport, với tay lái hạ thấp và chiều cao yên xe 820 mm. Trọng lượng của xe ở mức 165kg. Với ngôn ngữ thiết kế đậm chất đường phố, KTM RC 390 2018 đem lại nhiều khả năng vận hành khác nhau, thích ứng tốt với nhiều điều kiện giao thông tại đô thị đông đúc. Ở bước số 1, chiếc xe khá giựt sau mỗi lần thốc ga, điều này nhằm nhấn mạnh khả năng đề-pa của xe vượt xa những đối thủ khác cùng phân khúc. Kéo mạnh tay ga, xe đạt tốc độ 60km/h, bóp côn và lên số 2, chiếc xe bị khựng nhẹ đột ngột rồi tiếp tục tăng tốc mạnh mẽ khi vòng tua máy lên cao.\r\nCấu tạo chắc chắn\r\nKTM RC390 phiên bản 2018 sở hữu khối động cơ xilanh đơn, dung tích 372 phân khối, có công suất cực đại 44 mã lực tại vòng tua 9.500 vòng/phút và mô-men xoắn 35 Nm tại vòng tua máy 7.250 vòng/phút. Công suất bằng với đối thủ Kawasaki Ninja 400, cũng 44 mã lực.\r\nĐộng cơ mạnh mẽ\r\nKhông như Sport Bike truyền thống, chiếc xe này trang bị động cơ xy-lanh đơn dung tích 373,2cc cho công suất 43,5 mã lực tại vòng tua máy 9.000 v/ph, mô-men xoắn cực đại 19,2Nm tại 7.000 v/ph đi cùng hộp số 6 cấp độ.', 14, 1, NULL),
-- (85, 'Xe Mô Tô Brixton Scrambler BX150X - Đen', 3, 4, 57800000, 5600000, 76000000, NULL, '2020-01-02 21:00:00', '2020-01-12 21:00:00', 'Thiết kế đậm chất cổ điển\r\nXe Mô Tô Brixton Scrambler BX150X đẹp và đầy cuốn hút với những tín đồ yêu xe cổ điển bởi một vẻ ngoài trẻ trung đầy cá tính với những chi tiết thiết kế mang đậm nét đặc trung của dòng xe Scrambler. Brixton Scrambler không chỉ đem đến một phong cách mà còn là một sự hưởng thụ đích thực.\r\n\r\nCấu tạo chắn chắc\r\nBộ đèn pha trong cổ điển với công nghệ LED đầy hiện đại được trang bị thêm tấm chắn gió ở trên và bộ khung kim loại bên ngoài vừa bảo vệ chóa đền vừa tạo phần cá tính cho chiếc xa BX Scrambler.\r\n\r\nHệ thống phanh đĩa thủy lực trước và sau với công nghệ phanh kết hợp (CBS) và sử dụng cặp vành nan hoa với kích thước lốp là  100/98-18 cho bánh trước và 120/80-17, nhằm hỗ trợ chuyến đi dài của dân phượt. Đồng hồ hiển thị dạng tròn cổ điển tích hợp màn hình LCD bên trong.\r\n\r\nKhả năng vận hành mạnh mẽ\r\nĐộng cơ Suzuki xy lanh đơn, SOHC, 4 thì, được làm mát bằng không khí. Hộp số 5 cấp độ, được trang bị hệ thống phun xăng điện tử EFI,ECU Delphi và đặc biệt khối động cơ này đáp ứng được tiêu chuẩn về khí thải Euro4.', 14, 1, NULL),
-- (86, 'Sofa băng MULAN', 4, 5, 14000000, 800000, NULL, NULL, '2020-01-01 14:00:00', '2020-01-08 14:00:00', 'Màu sắc: Be/ xám nhạt/ xám đậm\r\n\r\nKích thước: Chiều dài 2m - 2m2 - 2m4 , cao 84cm, rộng 88cm\r\n\r\nChất liệu: Vải Polyester, khung gỗ dầu đỏ.', 15, 1, NULL),
-- (87, 'Sofa góc ANNA', 4, 5, 12500000, 300000, 18000000, NULL, '2020-01-02 22:00:00', '2020-01-15 12:00:00', 'Màu sắc: Be/ xám đậm\r\n\r\nKích thước:\r\n\r\nD200/220/240*R160-84*C87 cm\r\n\r\nChất liệu: Vải Polyester, khung gỗ dầu đỏ.', 15, 1, NULL),
-- (88, 'Sofa băng ANNA', 4, 5, 10500000, 500000, 15000000, NULL, '2020-01-01 20:00:00', '2020-01-11 20:00:00', 'Màu sắc: Be/ xám đậm\r\n\r\nKích thước:\r\n\r\nSofa 2seats D180/200*R84*C87 cm\r\n\r\nSofa 3seats D200/220/240*R84*C87 cm\r\n\r\nChất liệu: Vải Polyester, khung gỗ dầu đỏ.', 15, 1, NULL),
-- (89, 'Ghế đôn JOY', 4, 5, 750000, 80000, 1200000, NULL, '2020-01-02 22:00:00', '2020-01-22 22:00:00', 'Màu sắc: Xám nhạt/ xám đậm\r\n\r\nKích thước: D40*R40*C42 cm\r\n\r\nChất liệu: Vải Polyester, khung gỗ thông Cannada', 15, 1, NULL),
-- (90, 'Ghế LUXURY', 4, 5, 750000, 40000, 1400000, NULL, '2020-01-02 22:00:00', '2020-01-30 22:00:00', 'Chân: Trắng, đen, gỗ.\r\n\r\nMặt: Trắng, đen, xám, hồng.\r\n\r\nKích thước: H80/45 x D40 x R48.\r\n\r\nKhối lượng thực tế: 5kg.\r\n\r\nChất liệu: Chân sắt sơn tĩnh điện, mặt nhựa MDS.', 15, 1, NULL),
-- (91, 'Ghế BEE', 4, 5, 890000, 103000, NULL, NULL, '2020-01-02 18:00:00', '2020-01-21 18:00:00', 'Màu sắc: Đen/trắng\r\n\r\nKích thước: D43xR51xC90/45 (cm)\r\n\r\nKhối lượng thực tế: 7kg\r\n\r\nChất liệu: Sắt sơn tĩnh điện', 15, 1, NULL),
-- (92, 'Ghế ROSY ', 4, 5, 1050000, 95000, NULL, NULL, '2020-01-02 23:00:00', '2020-01-12 23:00:00', 'Màu sắc: Trắng, đen.\r\n\r\nKích thước: H88/40 x D44 x R53.\r\n\r\nKhối lượng thực tế: 7kg.\r\n\r\nChất liệu: Sắt sơn tĩnh điện. ', 15, 1, NULL),
-- (93, 'Ghế KILE', 4, 5, 1110000, 89000, NULL, NULL, '2020-01-01 19:30:00', '2020-01-19 19:30:00', 'Màu sắc: Trắng/ Đen/ Xám nhạt\r\n\r\nKích thước: H83/45 x D58 x R54.\r\n\r\nKhối lượng thực tế: 7kg.\r\n\r\nChất liệu: \r\n\r\nMặt ghế: Nhựa PP cao cấp.\r\n\r\nChân ghế: Sắt sơn tĩnh điện', 15, 1, NULL),
-- (94, 'Bàn HONA', 4, 5, 5490000, 120000, NULL, NULL, '2019-12-24 12:00:00', '2020-01-20 12:00:00', 'Kích thước: H73 x D160 x R80 cm\r\n\r\nChất liệu:\r\n\r\nChân bàn: Gỗ cao su\r\n\r\nMặt bàn: Gỗ cao su sơn PU', 15, 1, NULL),
-- (95, 'Sofa giường AURORA', 4, 5, 2900000, 109000, NULL, NULL, '2019-12-23 22:00:00', '2020-01-05 22:00:00', 'Thông tin sản phẩm:\r\n\r\nMàu sắc: Xám nhạt/ xám đậm\r\n\r\nKích thước: D167*R73*C70 cm\r\n\r\nChất liệu: Vải China, Khung gỗ thông Canada', 15, 1, NULL),
-- (96, 'Tủ TV JOHY', 4, 5, 4200000, 130000, NULL, NULL, '2019-12-20 15:00:00', '2020-01-20 15:00:00', 'Màu sắc: Trắng\r\n\r\nKích thước: D160*R40*C50cm\r\n\r\nChất liệu: Gỗ MDF', 15, 1, NULL),
-- (97, 'Tủ cabinet JOHY', 4, 5, 1950000, 67000, 2300000, NULL, '2019-12-27 22:00:00', '2020-01-27 22:00:00', 'Màu sắc: Trắng\r\n\r\nKích thước: D40*R48*C60cm ( có bánh xe cao 63cm)\r\n\r\nChất liệu: Gỗ MDF', 15, 1, NULL),
-- (98, 'Tủ giày JOHY', 4, 5, 2600000, 200000, 4000000, NULL, '2019-12-31 13:00:00', '2020-01-29 13:00:00', 'Màu sắc: Trắng\r\n\r\nKích thước: D80*R35*C92cm\r\n\r\nChất liệu: Gỗ MDF', 15, 1, NULL),
-- (99, 'Kệ SHY', 4, 5, 1800000, 99000, 4500000, NULL, '2019-12-22 20:00:00', '2020-01-22 20:00:00', 'Màu sắc: \r\n\r\nKhung: Trắng, đen.\r\n\r\nMặt: Trắng, đen, gỗ.\r\n\r\nKích thước: D60 x R30 x H140\r\n\r\nKhối lượng thực tế: 12kg.\r\n\r\nChất liệu: \r\n\r\nKhung: Sắt sơn tĩnh điện.\r\n\r\nMặt: Gỗ MDF chống ẩm.', 15, 1, NULL),
-- (100, 'Kệ giày HOBU', 4, 5, 3300000, 230000, NULL, NULL, '2019-12-22 22:00:00', '2020-01-12 22:00:00', 'Màu sắc:\r\n\r\nChân trắng mặt trắng\r\n\r\nChân đen mặt đen\r\n\r\nKích thước: D90 x R38 x C175 (cm)\r\n\r\nKhối lượng thực tế: 20.5kg.\r\n\r\nChất liệu:\r\n\r\nChân: Sắt sơn tĩnh điện.\r\n\r\nMặt: Sắt sơn tĩnh điện.', 15, 1, NULL);

-- --------------------------------------------------------

--
-- Cấu trúc bảng cho bảng `sub_categories`
--
DROP TABLE IF EXISTS `sub_categories`;
CREATE TABLE `sub_categories` (
  `sub_CatID` int(11) UNSIGNED NOT NULL,
  `use_CatID` int(11) UNSIGNED NOT NULL,
  `sub_CatName` varchar(50) COLLATE utf8_unicode_ci NOT NULL
) ENGINE=MyISAM DEFAULT CHARSET=utf8 COLLATE=utf8_unicode_ci;

--
-- Đang đổ dữ liệu cho bảng `sub_categories`
--

INSERT INTO `sub_categories` (`sub_CatID`, `use_CatID`, `sub_CatName`) VALUES
(1, 1, 'Điện thoại di động'),
(2, 1, 'Máy tính xách tay'),
(3, 2, 'Túi xách'),
(4, 3, 'Xe máy'),
(5, 4, 'Tủ, Bàn, Ghế');

-- --------------------------------------------------------

--
-- Cấu trúc bảng cho bảng `upgrade`
--
DROP TABLE IF EXISTS `upgrade`;
CREATE TABLE `upgrade` (
  `use_userID` int(11) UNSIGNED NOT NULL,
  `up` int(11) UNSIGNED NOT NULL,
  `new` int(11) UNSIGNED NOT NULL
) ENGINE=MyISAM DEFAULT CHARSET=utf8 COLLATE=utf8_unicode_ci;

--
-- Đang đổ dữ liệu cho bảng `upgrade`
--

INSERT INTO `upgrade` (`use_userID`, `up`, `new`) VALUES
(5, 0, 0),
(6, 0, 1);

--
-- Chỉ mục cho các bảng đã đổ
--

--
-- Chỉ mục cho bảng `account`
--
ALTER TABLE `account`
  ADD PRIMARY KEY (`user_ID`) USING BTREE;

--
-- Chỉ mục cho bảng `categories`
--
ALTER TABLE `categories`
  ADD PRIMARY KEY (`CatID`) USING BTREE;

--
-- Chỉ mục cho bảng `list_bidder`
--
ALTER TABLE `list_bidder`
  ADD PRIMARY KEY (`use_proID`,`use_userID`,`price`) USING BTREE,
  ADD KEY `use_userID` (`use_userID`);

--
-- Chỉ mục cho bảng `list_like`
--
ALTER TABLE `list_like`
  ADD PRIMARY KEY (`use_proID`,`use_userID`) USING BTREE,
  ADD KEY `use_userID` (`use_userID`);

--
-- Chỉ mục cho bảng `notification`
--
ALTER TABLE `notification`
  ADD PRIMARY KEY (`use_proID`,`use_bidderID`,`use_sellerID`,`flag`) USING BTREE,
  ADD KEY `use_bidderID` (`use_bidderID`),
  ADD KEY `use_sellerID` (`use_sellerID`);

--
-- Chỉ mục cho bảng `products`
--
ALTER TABLE `products`
  ADD PRIMARY KEY (`pro_ID`) USING BTREE,
  ADD KEY `use_sellerID` (`use_sellerID`);

--
-- Chỉ mục cho bảng `sub_categories`
--
ALTER TABLE `sub_categories`
  ADD PRIMARY KEY (`sub_CatID`) USING BTREE,
  ADD KEY `FK_catID` (`use_CatID`);

--
-- Chỉ mục cho bảng `upgrade`
--
ALTER TABLE `upgrade`
  ADD PRIMARY KEY (`use_userID`) USING BTREE;

--
-- AUTO_INCREMENT cho các bảng đã đổ
--

--
-- AUTO_INCREMENT cho bảng `account`
--
ALTER TABLE `account`
  MODIFY `user_ID` int(11) UNSIGNED NOT NULL AUTO_INCREMENT, AUTO_INCREMENT=14;

--
-- AUTO_INCREMENT cho bảng `categories`
--
ALTER TABLE `categories`
  MODIFY `CatID` int(11) UNSIGNED NOT NULL AUTO_INCREMENT, AUTO_INCREMENT=5;

--
-- AUTO_INCREMENT cho bảng `products`
--
ALTER TABLE `products`
  MODIFY `pro_ID` int(11) UNSIGNED NOT NULL AUTO_INCREMENT, AUTO_INCREMENT=101;

--
-- AUTO_INCREMENT cho bảng `sub_categories`
--
ALTER TABLE `sub_categories`
  MODIFY `sub_CatID` int(11) UNSIGNED NOT NULL AUTO_INCREMENT, AUTO_INCREMENT=6;
COMMIT;

/*!40101 SET CHARACTER_SET_CLIENT=@OLD_CHARACTER_SET_CLIENT */;
/*!40101 SET CHARACTER_SET_RESULTS=@OLD_CHARACTER_SET_RESULTS */;
/*!40101 SET COLLATION_CONNECTION=@OLD_COLLATION_CONNECTION */;
